"C:\Users\isaharaLab2\Desktop\morisitasan\dataset\dealer\UsagiU0x0U\Ixrkr4ey4I.jpg","D469B52EF5A8A552212FCCF903E5EF32","","�V�K�o�^�i2016�N06��16���j","UsagiU0x0U"
"C:\Users\isaharaLab2\Desktop\morisitasan\dataset\dealer\totechitetota\A5LMQAy6sl.jpg","82CBF087657EF53C23E370FC8B1B0FCD","","�V�K�o�^�i2016�N06��16���j","totechitetota"
"C:\Users\isaharaLab2\Desktop\morisitasan\dataset\dealer\lusi37975234\RIWDrXt65j.jpg","B9550511FB0AF7E574D9CC3E9F312043","","�V�K�o�^�i2016�N06��16���j","lusi37975234"
"C:\Users\isaharaLab2\Desktop\morisitasan\dataset\dealer\UsagiU0x0U\QPA4jSMRWq.jpg","1A68FAD64F82C951DA41D3444BF5AF5D","","�V�K�o�^�i2016�N06��16���j","sharkdolls"
"C:\Users\isaharaLab2\Desktop\morisitasan\dataset\dealer\UsagiU0x0U\ra4QCjqFuX.jpg","AE1E9A89A5A11CAE66CC4AD1E3FE8B4B","","�V�K�o�^�i2016�N06��16���j","UsagiU0x0U"
"C:\Users\isaharaLab2\Desktop\morisitasan\dataset\dealer\UsagiU0x0U\BAku5mLtop.jpg","37D9DE07407651C5069B5BB39BEE06E2","","�V�K�o�^�i2016�N06��16���j","UsagiU0x0U"
"C:\Users\isaharaLab2\Desktop\morisitasan\dataset\dealer\lusi37975234\R2GknnPDQe.jpg","9EBF8903AB898C6025F31E968B454FC3","","�V�K�o�^�i2016�N06��16���j","lusi37975234"
"C:\Users\isaharaLab2\Desktop\morisitasan\dataset\dealer\UsagiU0x0U\MjDwu5xRLO.jpg","7FAB5D511FF0605BCB457F4082407360","","�V�K�o�^�i2016�N06��16���j","UsagiU0x0U"
"C:\Users\isaharaLab2\Desktop\morisitasan\dataset\dealer\UsagiU0x0U\kmw9YwlTNI.jpg","21065CDB45D9E247F00C8510F7FCF0A6","","�V�K�o�^�i2016�N06��16���j","totechitetota"
"C:\Users\isaharaLab2\Desktop\morisitasan\dataset\dealer\sharkdolls\wCPxRJHTV7.jpg","CD28964BB7AFE751DCCB8FD1F4D16632","","�V�K�o�^�i2016�N06��16���j","lusi37975234"
"C:\Users\isaharaLab2\Desktop\morisitasan\dataset\dealer\totechitetota\T5nd5rRv5p.jpg","6292A2EC0532A22940F09D65A4325640","","�V�K�o�^�i2016�N06��16���j","totechitetota"
"C:\Users\isaharaLab2\Desktop\morisitasan\dataset\dealer\totechitetota\ACImlR26Kf.jpg","9CCC81B5E0E0184C879E79BBF9CC3749","","�V�K�o�^�i2016�N06��16���j","sharkdolls"
