"C:\Users\isahara_lab\Desktop\dataset\dealer\sharkdolls\PvB2j2hYRC.jpg","087DBBE5646ABA859D5DF3F00DA5EE1B","","�V�K�o�^�i2016�N06��17���j","lusi37975234"
"C:\Users\isahara_lab\Desktop\dataset\dealer\UsagiU0x0U\BAku5mLtop.jpg","37D9DE07407651C5069B5BB39BEE06E2","","�V�K�o�^�i2016�N06��17���j","UsagiU0x0U"
"C:\Users\isahara_lab\Desktop\dataset\dealer\UsagiU0x0U\MChTT4WRcJ.jpg","CC1A058B279E4966593E918693B48D78","","�V�K�o�^�i2016�N06��17���j","sharkdolls"
"C:\Users\isahara_lab\Desktop\dataset\dealer\UsagiU0x0U\jdwaTo7fqQ.jpg","8E8490EA2754F1C4A068E5CBC36EED5F","","�V�K�o�^�i2016�N06��17���j","UsagiU0x0U"
"C:\Users\isahara_lab\Desktop\dataset\dealer\lusi37975234\zh6qx3svoN.jpg","1EBA8083990B4C7428ADB469001050D2","","�V�K�o�^�i2016�N06��17���j","lusi37975234"
"C:\Users\isahara_lab\Desktop\dataset\dealer\UsagiU0x0U\kmw9YwlTNI.jpg","21065CDB45D9E247F00C8510F7FCF0A6","","�V�K�o�^�i2016�N06��17���j","UsagiU0x0U"
"C:\Users\isahara_lab\Desktop\dataset\dealer\UsagiU0x0U\galoRzPLZk.jpg","C4DC930A3FB369F1DDF0128289211628","","�V�K�o�^�i2016�N06��17���j","sharkdolls"
"C:\Users\isahara_lab\Desktop\dataset\dealer\sharkdolls\sL9hDnzu95.jpg","37A92120180E63E69C437CBFAE8ACD5E","","�V�K�o�^�i2016�N06��17���j","lusi37975234"
"C:\Users\isahara_lab\Desktop\dataset\dealer\UsagiU0x0U\dKxCEslo1q.jpg","78BFFF746CD4CF3780813D3ADFF06AB2","","�V�K�o�^�i2016�N06��17���j","UsagiU0x0U"
"C:\Users\isahara_lab\Desktop\dataset\dealer\sharkdolls\6KMTRclufO.jpg","E7F33A2D73B3776170FF2F62C3C6051B","","�V�K�o�^�i2016�N06��17���j","sharkdolls"
"C:\Users\isahara_lab\Desktop\dataset\dealer\UsagiU0x0U\icgQA3kuBB.jpg","82CBF087657EF53C23E370FC8B1B0FCD","","�V�K�o�^�i2016�N06��17���j","sharkdolls"
"C:\Users\isahara_lab\Desktop\dataset\dealer\totechitetota\s5ErsQH6dr.jpg","D716176655B6585D82787BCA7D6D442B","","�V�K�o�^�i2016�N06��17���j","totechitetota"
