"C:\Users\Kenta\Desktop\������\dataset\dealer\lusi37975234\yG4Zf0gsvG.jpg","CF39D14F49688BFEA23A2B6922ACF0F7","","�V�K�o�^�i2016�N06��16���j","lusi37975234"
"C:\Users\Kenta\Desktop\������\dataset\dealer\sharkdolls\sL9hDnzu95.jpg","37A92120180E63E69C437CBFAE8ACD5E","","�V�K�o�^�i2016�N06��16���j","sharkdolls"
"C:\Users\Kenta\Desktop\������\dataset\dealer\sharkdolls\InIuiZTHCP.jpg","03DFAB84007A777D365B077421F9DA8B","","�V�K�o�^�i2016�N06��16���j","sharkdolls"
"C:\Users\Kenta\Desktop\������\dataset\dealer\UsagiU0x0U\6AylNA4m2b.jpg","57456A06ED9BEC6E70583866E92FBD55","","�V�K�o�^�i2016�N06��16���j","UsagiU0x0U"
"C:\Users\Kenta\Desktop\������\dataset\dealer\UsagiU0x0U\Dilppbkvvp.jpg","AE1E9A89A5A11CAE66CC4AD1E3FE8B4B","","�V�K�o�^�i2016�N06��16���j","UsagiU0x0U"
"C:\Users\Kenta\Desktop\������\dataset\dealer\totechitetota\qbwqMhruN3.jpg","88FAB609E969630D20E7802C05897C44","","�V�K�o�^�i2016�N06��16���j","totechitetota"
"C:\Users\Kenta\Desktop\������\dataset\dealer\lusi37975234\OSiax7IFyX.jpg","87782AA95188E9021971D2161030D4A9","","�V�K�o�^�i2016�N06��16���j","lusi37975234"
"C:\Users\Kenta\Desktop\������\dataset\dealer\UsagiU0x0U\rhTxnzqjHO.jpg","37F4CE51AAB86F08CE74F4FAFF6F4038","","�V�K�o�^�i2016�N06��16���j","UsagiU0x0U"
"C:\Users\Kenta\Desktop\������\dataset\dealer\UsagiU0x0U\galoRzPLZk.jpg","C4DC930A3FB369F1DDF0128289211628","","�V�K�o�^�i2016�N06��16���j","UsagiU0x0U"
"C:\Users\Kenta\Desktop\������\dataset\dealer\totechitetota\cWSyLTOtXe.jpg","18C6E576A8FEAE73E7E5658FBCBADA71","","�V�K�o�^�i2016�N06��16���j","totechitetota"
"C:\Users\Kenta\Desktop\������\dataset\dealer\totechitetota\cPkqx5L350.jpg","A70E81D0F18EF6D5BA4EB8DA5D4DFD05","","�V�K�o�^�i2016�N06��16���j","sharkdolls"
"C:\Users\Kenta\Desktop\������\dataset\dealer\UsagiU0x0U\dKxCEslo1q.jpg","78BFFF746CD4CF3780813D3ADFF06AB2","","�V�K�o�^�i2016�N06��16���j","UsagiU0x0U"
