"C:\Users\Kenta\Desktop\������\dataset\brand\sahra\zcJeiMCTbG.jpg","D3E8A5EB1261C5202CC95384A64D41EF","","�V�K�o�^�i2016�N06��16���j","xcute"
"C:\Users\Kenta\Desktop\������\dataset\brand\pullip\gJNX6ucFX0.jpg","B4E547C8634C54DD1477D6A480629DD9","","�V�K�o�^�i2016�N06��16���j","pullip"
"C:\Users\Kenta\Desktop\������\dataset\brand\xcute\ieQOrn8smk.jpg","00AC72E5EC957D8B48AF4E7711C8F913","","�V�K�o�^�i2016�N06��16���j","sahra"
"C:\Users\Kenta\Desktop\������\dataset\brand\sahra\QXS9mSpTEg.jpg","4F8594CCD847461221B1A7B6116036BD","","�V�K�o�^�i2016�N06��16���j","sahra"
"C:\Users\Kenta\Desktop\������\dataset\brand\pullip\Le6RisPTDB.jpg","71CD6C8F23A856FFB4B2248B2DB7825C","","�V�K�o�^�i2016�N06��16���j","pullip"
"C:\Users\Kenta\Desktop\������\dataset\brand\xcute\BRSRs9fPbB.jpg","72441CA14D41CD44E4E1A60D777B68D2","","�V�K�o�^�i2016�N06��16���j","xcute"
"C:\Users\Kenta\Desktop\������\dataset\brand\xcute\h1gyQHj6rx.jpg","162150CC28FB25395CD0AE34A04817F1","","�V�K�o�^�i2016�N06��16���j","xcute"
"C:\Users\Kenta\Desktop\������\dataset\brand\blythe\iNb2QVdRYv.jpg","3D45B69C69EF7AC588CADA714458DFFF","","�V�K�o�^�i2016�N06��16���j","blythe"
"C:\Users\Kenta\Desktop\������\dataset\brand\xcute\Pb9QR4HdOl.jpg","F20750ACD62DB79D26CE8F0702E2EA2B","","�V�K�o�^�i2016�N06��16���j","xcute"
"C:\Users\Kenta\Desktop\������\dataset\brand\pullip\pT3hfmcKds.jpg","3770A5EF44C2E0BD43B707FFB00A787E","","�V�K�o�^�i2016�N06��16���j","pullip"
"C:\Users\Kenta\Desktop\������\dataset\brand\xcute\x3P3Ql2dmK.jpg","F55AB232D211D0F7CCA888987BDAAA57","","�V�K�o�^�i2016�N06��16���j","sahra"
"C:\Users\Kenta\Desktop\������\dataset\brand\sahra\9DRS2GWv1Y.jpg","62C25C971A41F1A419E9D85C22E78013","","�V�K�o�^�i2016�N06��16���j","sahra"
"C:\Users\Kenta\Desktop\������\dataset\brand\blythe\CF1ec9GCJW.jpg","0AE07C11B6A3D9EDFC3B6D2D5647B0D3","","�V�K�o�^�i2016�N06��16���j","blythe"
"C:\Users\Kenta\Desktop\������\dataset\brand\superdollfie\PGDg1FpEDd.jpg","4ED318636BD36A4362E82CB7720FEFB2","","�V�K�o�^�i2016�N06��16���j","superdollfie"
"C:\Users\Kenta\Desktop\������\dataset\brand\sahra\AigDQ0i2A1.jpg","6680C5BD4DB71658ACE1FA8A2C9D6B6E","","�V�K�o�^�i2016�N06��16���j","xcute"
"C:\Users\Kenta\Desktop\������\dataset\brand\pullip\B0uIvaNlGh.jpg","B4BAF215E8A603F2C5B11639A66C6A3D","","�V�K�o�^�i2016�N06��16���j","pullip"
"C:\Users\Kenta\Desktop\������\dataset\brand\sahra\pRCM95aM2R.jpg","B4A0152FAB96749002A6265861D029E6","","�V�K�o�^�i2016�N06��16���j","sahra"
"C:\Users\Kenta\Desktop\������\dataset\brand\xcute\A2EBIeDltL.jpg","97FBC523C8719A9F46E6158D2A3CFF60","","�V�K�o�^�i2016�N06��16���j","dollfiedream"
"C:\Users\Kenta\Desktop\������\dataset\brand\superdollfie\oR9Q1MONQ8.jpg","D8A046B4ABB5DE524148DEDE79C90BD4","","�V�K�o�^�i2016�N06��16���j","superdollfie"
"C:\Users\Kenta\Desktop\������\dataset\brand\dollfiedream\xTEkOoVS1c.jpg","C3CF77C9A480D1F2A19927A53F6B8C8B","","�V�K�o�^�i2016�N06��16���j","dollfiedream"
"C:\Users\Kenta\Desktop\������\dataset\brand\sahra\5ncZ2wTSJC.jpg","7F229090ADC7B13F985CC8E1D959C9A2","","�V�K�o�^�i2016�N06��16���j","sahra"
"C:\Users\Kenta\Desktop\������\dataset\brand\xcute\yh8ftpLC7c.jpg","A98AB441AAC5A8D5D66DCF8359392FF4","","�V�K�o�^�i2016�N06��16���j","xcute"
"C:\Users\Kenta\Desktop\������\dataset\brand\xcute\tJzvy2yKfj.jpg","D8CA75B650A6EBBA7FE2A57816C84BA2","","�V�K�o�^�i2016�N06��16���j","sahra"
"C:\Users\Kenta\Desktop\������\dataset\brand\pullip\A6gQGmFxix.jpg","8C376AFA8D8434CC40AF59030BC34A8B","","�V�K�o�^�i2016�N06��16���j","pullip"
"C:\Users\Kenta\Desktop\������\dataset\brand\xcute\rvrPJr3EWu.jpg","97FBC523C8719A9F46E6158D2A3CFF60","","�V�K�o�^�i2016�N06��16���j","xcute"
"C:\Users\Kenta\Desktop\������\dataset\brand\pullip\SKavwuILcT.jpg","8216106ECA273D579E12243DAA2FC9FC","","�V�K�o�^�i2016�N06��16���j","blythe"
"C:\Users\Kenta\Desktop\������\dataset\brand\pullip\MK7lX7LJar.jpg","AAA2B96948EE2EBEFAE0ADBFB17AF38D","","�V�K�o�^�i2016�N06��16���j","pullip"
"C:\Users\Kenta\Desktop\������\dataset\brand\pullip\pbzSqAz8o1.jpg","050CC7C6F33E632BBB47A61D981DAB48","","�V�K�o�^�i2016�N06��16���j","pullip"
"C:\Users\Kenta\Desktop\������\dataset\brand\dollfiedream\3JqRntyIyl.jpg","2A5F60BEEBF622BB2F14DFC458D72275","","�V�K�o�^�i2016�N06��16���j","dollfiedream"
"C:\Users\Kenta\Desktop\������\dataset\brand\blythe\X03DpuBzuO.jpg","50E347573E22E944DB8BA632F71645EF","","�V�K�o�^�i2016�N06��16���j","blythe"
"C:\Users\Kenta\Desktop\������\dataset\brand\pullip\98WBRO4i6q.jpg","C4521EC4FE90429E849BE03CE8F9B980","","�V�K�o�^�i2016�N06��16���j","pullip"
"C:\Users\Kenta\Desktop\������\dataset\brand\dollfiedream\TmXy2CCIgb.jpg","224D28278457473319B93D6707FB181F","","�V�K�o�^�i2016�N06��16���j","superdollfie"
"C:\Users\Kenta\Desktop\������\dataset\brand\dollfiedream\bd2vxZrhWz.jpg","AC9D8A4BD600E6B73A241CA97319DF0D","","�V�K�o�^�i2016�N06��16���j","superdollfie"
"C:\Users\Kenta\Desktop\������\dataset\brand\sahra\2PdgZMGmOf.jpg","9DA91068C9982A36ADFA3AE2DA37AC71","","�V�K�o�^�i2016�N06��16���j","sahra"
"C:\Users\Kenta\Desktop\������\dataset\brand\pullip\mA5ZeRhiZz.jpg","FEEAF2A3F308124FA02C9153B8081656","","�V�K�o�^�i2016�N06��16���j","pullip"
"C:\Users\Kenta\Desktop\������\dataset\brand\pullip\wiQc6PYBwM.jpg","4F25E0F3DCE1737756B01198FAB53279","","�V�K�o�^�i2016�N06��16���j","pullip"
"C:\Users\Kenta\Desktop\������\dataset\brand\blythe\91MZciEnpj.jpg","5DE23072F0FA3FCB4A360E20431EBA46","","�V�K�o�^�i2016�N06��16���j","blythe"
"C:\Users\Kenta\Desktop\������\dataset\brand\superdollfie\iTwmBMHjjw.jpg","D66C3272B0E8C2BA392F778A4656B605","","�V�K�o�^�i2016�N06��16���j","superdollfie"
"C:\Users\Kenta\Desktop\������\dataset\brand\dollfiedream\xewmKY4thf.jpg","6001F5EC9FF6487C03D47975F6C901A2","","�V�K�o�^�i2016�N06��16���j","dollfiedream"
"C:\Users\Kenta\Desktop\������\dataset\brand\blythe\IGmy7XR567.jpg","4E274194B182DB82D608308B19D33E0E","","�V�K�o�^�i2016�N06��16���j","blythe"
"C:\Users\Kenta\Desktop\������\dataset\brand\superdollfie\sKdIW5OR5L.jpg","C63AFE7A99D7D29755DC85978B2A1B34","","�V�K�o�^�i2016�N06��16���j","superdollfie"
"C:\Users\Kenta\Desktop\������\dataset\brand\superdollfie\b9Hc4Bpt3i.jpg","00B8B5B33264904FF69A5C9145C54F5E","","�V�K�o�^�i2016�N06��16���j","superdollfie"
"C:\Users\Kenta\Desktop\������\dataset\brand\pullip\8g2WFDI3XR.jpg","4255C0BE7583D8456F199B47C90DD6BD","","�V�K�o�^�i2016�N06��16���j","blythe"
"C:\Users\Kenta\Desktop\������\dataset\brand\dollfiedream\ESrER2HKjl.jpg","0A18E1FD02A5AD526CC2DE4E0034AC53","","�V�K�o�^�i2016�N06��16���j","dollfiedream"
"C:\Users\Kenta\Desktop\������\dataset\brand\dollfiedream\CvggCQJfjs.jpg","ADD41CDC62B1BFB5EEA6CC104B822478","","�V�K�o�^�i2016�N06��16���j","dollfiedream"
"C:\Users\Kenta\Desktop\������\dataset\brand\pullip\Fb0ATaiVQx.jpg","2C09922A77F9C115B55AE3CB03194296","","�V�K�o�^�i2016�N06��16���j","pullip"
"C:\Users\Kenta\Desktop\������\dataset\brand\xcute\d067Apnqj3.jpg","0375C4D1135F62C5AFAE89541E2B42A8","","�V�K�o�^�i2016�N06��16���j","xcute"
"C:\Users\Kenta\Desktop\������\dataset\brand\sahra\hSkEWJE9Kj.jpg","CF70E835DEA00F9D69F94F9691541340","","�V�K�o�^�i2016�N06��16���j","sahra"
"C:\Users\Kenta\Desktop\������\dataset\brand\sahra\8x44AkjM5P.jpg","A4F20FD728E006792D99EF22B5C51B2F","","�V�K�o�^�i2016�N06��16���j","sahra"
"C:\Users\Kenta\Desktop\������\dataset\brand\sahra\8xxind1WtG.jpg","8EAD1E458F361B0603581D393D485EF9","","�V�K�o�^�i2016�N06��16���j","sahra"
"C:\Users\Kenta\Desktop\������\dataset\brand\xcute\hXw3fWuFs5.jpg","D995694A3DB205CA4B59EFD20DBEE5E6","","�V�K�o�^�i2016�N06��16���j","superdollfie"
"C:\Users\Kenta\Desktop\������\dataset\brand\sahra\MNnrK0ZZPw.jpg","96901CDE03861289169394621E27168B","","�V�K�o�^�i2016�N06��16���j","dollfiedream"
"C:\Users\Kenta\Desktop\������\dataset\brand\sahra\fuK5pMBg77.jpg","427B72ACF4EA7BE7A295C4D692EB62BA","","�V�K�o�^�i2016�N06��16���j","dollfiedream"
"C:\Users\Kenta\Desktop\������\dataset\brand\superdollfie\0Yf6e6xV4Q.jpg","FDAAEAFC293D3E9838B54395C48A4CD1","","�V�K�o�^�i2016�N06��16���j","superdollfie"
"C:\Users\Kenta\Desktop\������\dataset\brand\pullip\vcuEGBJ0ob.jpg","F4C375D470FE4063CEFC1C6EFB2E5C48","","�V�K�o�^�i2016�N06��16���j","pullip"
"C:\Users\Kenta\Desktop\������\dataset\brand\superdollfie\a1TgIKs1MR.jpg","D42A7883382B8A4733AED432CFE7E8E5","","�V�K�o�^�i2016�N06��16���j","superdollfie"
"C:\Users\Kenta\Desktop\������\dataset\brand\xcute\5D5Y5dNO1X.jpg","16D3C4FDCEB378631D410863FC48C454","","�V�K�o�^�i2016�N06��16���j","dollfiedream"
"C:\Users\Kenta\Desktop\������\dataset\brand\superdollfie\VaRrKtC2Ir.jpg","AA9CD4003F3D68E36394DE90430033E4","","�V�K�o�^�i2016�N06��16���j","superdollfie"
"C:\Users\Kenta\Desktop\������\dataset\brand\xcute\0WBtwApyLx.jpg","E8D05A3CE0FA749D13209904CA30AEBF","","�V�K�o�^�i2016�N06��16���j","xcute"
"C:\Users\Kenta\Desktop\������\dataset\brand\superdollfie\0E5TNV6EiL.jpeg","08A54B7478E63B820231F5E8033D53E4","","�V�K�o�^�i2016�N06��16���j","superdollfie"
"C:\Users\Kenta\Desktop\������\dataset\brand\pullip\62Vm99Hniu.jpg","87159048C3016A6B606A54501DE2BEE6","","�V�K�o�^�i2016�N06��16���j","pullip"
"C:\Users\Kenta\Desktop\������\dataset\brand\blythe\ZaeBKR5zli.jpg","5BDD329D99BE751EEA7FCF7EAE09DF5F","","�V�K�o�^�i2016�N06��16���j","blythe"
"C:\Users\Kenta\Desktop\������\dataset\brand\xcute\W5Drq0hbM6.jpg","F9BEE71A65D45B676AB42CB3236829A3","","�V�K�o�^�i2016�N06��16���j","xcute"
"C:\Users\Kenta\Desktop\������\dataset\brand\sahra\8e2FH36avk.jpg","E10F464EFC5285AEE81801935E93FDCF","","�V�K�o�^�i2016�N06��16���j","xcute"
"C:\Users\Kenta\Desktop\������\dataset\brand\dollfiedream\wbkx7vNGJC.jpg","29FE117E16793723E9B9E6CC5CE70A44","","�V�K�o�^�i2016�N06��16���j","superdollfie"
"C:\Users\Kenta\Desktop\������\dataset\brand\superdollfie\dVLYTVdqVv.jpg","D1CAAD42D1452CDC7C7BB909AAB68395","","�V�K�o�^�i2016�N06��16���j","superdollfie"
"C:\Users\Kenta\Desktop\������\dataset\brand\pullip\26bMeoKCmx.jpg","AAFBA6569D81B8693F802833AA05E51B","","�V�K�o�^�i2016�N06��16���j","pullip"
"C:\Users\Kenta\Desktop\������\dataset\brand\blythe\eO23EQPsp5.jpg","BBC757E5957B6350A95D993B40790535","","�V�K�o�^�i2016�N06��16���j","blythe"
"C:\Users\Kenta\Desktop\������\dataset\brand\blythe\RvxZl22coy.jpg","C4B8F051F6788E06918BAD2040C91057","","�V�K�o�^�i2016�N06��16���j","blythe"
"C:\Users\Kenta\Desktop\������\dataset\brand\superdollfie\BumQoLqxVR.jpg","ACF726C373634A1318B24FED5617FBF9","","�V�K�o�^�i2016�N06��16���j","superdollfie"
"C:\Users\Kenta\Desktop\������\dataset\brand\dollfiedream\lzeNpevKiJ.jpg","9E7E2089C3F070AB2C2BC83704DA2CDF","","�V�K�o�^�i2016�N06��16���j","dollfiedream"
"C:\Users\Kenta\Desktop\������\dataset\brand\superdollfie\Qqd8E7qRrh.jpg","8642F3B75D190AC29EF05E9FFF17B5D0","","�V�K�o�^�i2016�N06��16���j","superdollfie"
"C:\Users\Kenta\Desktop\������\dataset\brand\pullip\meLWjErDOL.jpg","FA153025755CE023A17B3FE649822961","","�V�K�o�^�i2016�N06��16���j","dollfiedream"
"C:\Users\Kenta\Desktop\������\dataset\brand\dollfiedream\0Skx4GI74d.jpg","5AF9842070A803241D9A7848A1E9AF0B","","�V�K�o�^�i2016�N06��16���j","dollfiedream"
"C:\Users\Kenta\Desktop\������\dataset\brand\xcute\3siJBYGLqI.jpg","D71B3EED56B5C35887000207C38BBE58","","�V�K�o�^�i2016�N06��16���j","xcute"
"C:\Users\Kenta\Desktop\������\dataset\brand\dollfiedream\Tu9KRwcQ2q.jpg","EAEE4F5330619B791CE2EA1E532F9E68","","�V�K�o�^�i2016�N06��16���j","dollfiedream"
"C:\Users\Kenta\Desktop\������\dataset\brand\pullip\nRs4oPVWjT.jpg","423E6E025AA4929D15E007A2D305DA12","","�V�K�o�^�i2016�N06��16���j","pullip"
"C:\Users\Kenta\Desktop\������\dataset\brand\xcute\IEi8RYGBXX.jpg","425FD9856DEC510A65BC3B31ECCE32DA","","�V�K�o�^�i2016�N06��16���j","xcute"
"C:\Users\Kenta\Desktop\������\dataset\brand\xcute\ejrDatf8YE.jpg","D89D8A23DBF684CE969DB17B39090EDD","","�V�K�o�^�i2016�N06��16���j","xcute"
"C:\Users\Kenta\Desktop\������\dataset\brand\dollfiedream\nswshHWIa6.jpg","AE5CD3099E5AC733BD76C2F23C7F526E","","�V�K�o�^�i2016�N06��16���j","dollfiedream"
"C:\Users\Kenta\Desktop\������\dataset\brand\pullip\p4WtvcJ7i0.jpg","3328734049224C3FD54A86C5A1EF27D3","","�V�K�o�^�i2016�N06��16���j","pullip"
"C:\Users\Kenta\Desktop\������\dataset\brand\superdollfie\YFo8bZH2CS.jpg","F3DF636D0E48800CB85210A609D51BFB","","�V�K�o�^�i2016�N06��16���j","pullip"
"C:\Users\Kenta\Desktop\������\dataset\brand\dollfiedream\mYMZdmE4vC.jpg","44EC51A00DA711F3CE826737BC377251","","�V�K�o�^�i2016�N06��16���j","dollfiedream"
"C:\Users\Kenta\Desktop\������\dataset\brand\dollfiedream\4QBjcRo7A3.jpg","2B23691F19733720335FAC8BD85BB320","","�V�K�o�^�i2016�N06��16���j","dollfiedream"
"C:\Users\Kenta\Desktop\������\dataset\brand\blythe\g0uVE3IAqI.jpg","D84CDBAD7593D2A33F783D6CF51BE780","","�V�K�o�^�i2016�N06��16���j","blythe"
"C:\Users\Kenta\Desktop\������\dataset\brand\xcute\a5DXtLxJvL.jpg","4B872B6ECA2E032026D32E2C654367CD","","�V�K�o�^�i2016�N06��16���j","xcute"
"C:\Users\Kenta\Desktop\������\dataset\brand\superdollfie\uYL4RLyu2C.jpg","5BFCD7BA848A5453A52BEF658E8C2E11","","�V�K�o�^�i2016�N06��16���j","superdollfie"
"C:\Users\Kenta\Desktop\������\dataset\brand\dollfiedream\54NGKwjKeZ.jpg","DC6E33391A0825E0D1CA8F2C8963A23D","","�V�K�o�^�i2016�N06��16���j","dollfiedream"
"C:\Users\Kenta\Desktop\������\dataset\brand\xcute\hsTVJ1fgrf.jpg","2614DEF43B57F2D429C0508063CEFA4B","","�V�K�o�^�i2016�N06��16���j","xcute"
"C:\Users\Kenta\Desktop\������\dataset\brand\pullip\yqvmnmSNAt.jpg","3ADA1BEDC322982AF52CC5EC6E2FF68D","","�V�K�o�^�i2016�N06��16���j","pullip"
"C:\Users\Kenta\Desktop\������\dataset\brand\superdollfie\vfb52qVYLo.jpg","413AE6D280CDCDF476903201B6861CB0","","�V�K�o�^�i2016�N06��16���j","superdollfie"
"C:\Users\Kenta\Desktop\������\dataset\brand\pullip\3XZ2Tgu9s9.jpg","CBEABBA72B07E0D45F6DB086B487833C","","�V�K�o�^�i2016�N06��16���j","pullip"
"C:\Users\Kenta\Desktop\������\dataset\brand\sahra\lhKX2fetaz.jpg","0A3EA06E7A8ABF0A5F39D8232518E181","","�V�K�o�^�i2016�N06��16���j","xcute"
"C:\Users\Kenta\Desktop\������\dataset\brand\pullip\QK4YMZLNDb.jpg","E2EBA8C41D6A7DE981B7286F0953182D","","�V�K�o�^�i2016�N06��16���j","pullip"
"C:\Users\Kenta\Desktop\������\dataset\brand\blythe\lYlRx0tdvS.jpg","0E0A03A9040F993BCBFD075EAAF6BAAC","","�V�K�o�^�i2016�N06��16���j","blythe"
"C:\Users\Kenta\Desktop\������\dataset\brand\superdollfie\z3gBBwX03X.jpg","3FAC064496EF4EB654F663E4D4E34582","","�V�K�o�^�i2016�N06��16���j","superdollfie"
"C:\Users\Kenta\Desktop\������\dataset\brand\pullip\ToJ4in5zNr.jpg","05874703A75F42D6F2572047E93C8102","","�V�K�o�^�i2016�N06��16���j","pullip"
"C:\Users\Kenta\Desktop\������\dataset\brand\sahra\nkk2Cz4Flz.jpg","80FBB71D584AEBDA5F0AE3A2FC4FEA92","","�V�K�o�^�i2016�N06��16���j","sahra"
"C:\Users\Kenta\Desktop\������\dataset\brand\superdollfie\ysWRX8SfrY.jpg","0180EF390B1A497DEB1679D315EC560C","","�V�K�o�^�i2016�N06��16���j","superdollfie"
"C:\Users\Kenta\Desktop\������\dataset\brand\superdollfie\fdCQs4KgcY.jpg","D7FBBB580AA23814DBA5E86F33628CD1","","�V�K�o�^�i2016�N06��16���j","superdollfie"
"C:\Users\isaharaLab2\Desktop\morisitasan\dataset\brand\xcute\MstnI0LIJS.jpg","B11D64699C1F329F5F29CF9B1482CC77","","�V�K�o�^�i2016�N06��16���j","xcute"
"C:\Users\isaharaLab2\Desktop\morisitasan\dataset\brand\superdollfie\lpmcxsWajE.jpg","30BB9C3A059F87D692255D1E5D0AAE46","","�V�K�o�^�i2016�N06��16���j","superdollfie"
"C:\Users\isaharaLab2\Desktop\morisitasan\dataset\brand\superdollfie\lbn8GgwOI7.jpg","3DFCE47A6CF4BCF57DCE60AFCD9D0BA1","","�V�K�o�^�i2016�N06��16���j","superdollfie"
"C:\Users\isaharaLab2\Desktop\morisitasan\dataset\brand\blythe\OrdenRMrh1.jpg","BAF903E961EBBE45B38D1741154C37E7","","�V�K�o�^�i2016�N06��16���j","blythe"
"C:\Users\isaharaLab2\Desktop\morisitasan\dataset\brand\xcute\zHmBMPRp0h.jpg","FCA67115F4F8638424694B14B9C66D9B","","�V�K�o�^�i2016�N06��16���j","xcute"
"C:\Users\isaharaLab2\Desktop\morisitasan\dataset\brand\superdollfie\zZM3dLrob3.jpg","2DFA062EF0292B5A1DF6E4402233B06D","","�V�K�o�^�i2016�N06��16���j","superdollfie"
"C:\Users\isaharaLab2\Desktop\morisitasan\dataset\brand\xcute\rrqkK5h54p.jpg","91B2A5ED0CCB7CF90897BCE1AD5A25AD","","�V�K�o�^�i2016�N06��16���j","sahra"
"C:\Users\isaharaLab2\Desktop\morisitasan\dataset\brand\xcute\2OBRZT6tBY.jpg","4AD3223A13E7079D90CC54F6060998FB","","�V�K�o�^�i2016�N06��16���j","xcute"
"C:\Users\isaharaLab2\Desktop\morisitasan\dataset\brand\superdollfie\XxqsA0YqFE.jpg","9EE29E883FFE1AEECCDA58FECC0883FD","","�V�K�o�^�i2016�N06��16���j","superdollfie"
"C:\Users\isaharaLab2\Desktop\morisitasan\dataset\brand\sahra\OEH74e41TB.jpg","FE266853DA579E5AB5CE5F65A96A536F","","�V�K�o�^�i2016�N06��16���j","sahra"
"C:\Users\isaharaLab2\Desktop\morisitasan\dataset\brand\blythe\9Lut9ym0yH.jpg","099A9D07F8F6827F68D124A1E9AE501A","","�V�K�o�^�i2016�N06��16���j","blythe"
"C:\Users\isaharaLab2\Desktop\morisitasan\dataset\brand\dollfiedream\Zmt7bATlxk.jpg","A80459A842530E732C064E26AD8705B8","","�V�K�o�^�i2016�N06��16���j","superdollfie"
"C:\Users\isaharaLab2\Desktop\morisitasan\dataset\brand\sahra\D7tWzQLLP7.jpg","F1E6A0E962AA7C927EB6CBED44C29946","","�V�K�o�^�i2016�N06��16���j","dollfiedream"
"C:\Users\isaharaLab2\Desktop\morisitasan\dataset\brand\xcute\WYaEsz2jRj.jpg","7B53662A6001C6655AA2BD3925B0255B","","�V�K�o�^�i2016�N06��16���j","xcute"
"C:\Users\isaharaLab2\Desktop\morisitasan\dataset\brand\dollfiedream\j3HkLsWIr7.jpg","B7AA5DAE1214D7E6DAD772A6C98400F9","","�V�K�o�^�i2016�N06��16���j","dollfiedream"
"C:\Users\isaharaLab2\Desktop\morisitasan\dataset\brand\pullip\XYzaicz6l3.jpg","237FDEB302E47214C007E8B834EBEE35","","�V�K�o�^�i2016�N06��16���j","pullip"
"C:\Users\isaharaLab2\Desktop\morisitasan\dataset\brand\sahra\fF9zRYnImX.jpg","C9DFF996EB0080C88396EFBD4191957F","","�V�K�o�^�i2016�N06��16���j","xcute"
"C:\Users\isaharaLab2\Desktop\morisitasan\dataset\brand\dollfiedream\ycI5S2GDzT.jpg","D1D19AC8774D17F7D11A31D735B0E6F9","","�V�K�o�^�i2016�N06��16���j","dollfiedream"
"C:\Users\isaharaLab2\Desktop\morisitasan\dataset\brand\dollfiedream\Szb3OB7H3K.jpg","8E3AF7C6B8BEDEF816A6EC3F6A3C38A0","","�V�K�o�^�i2016�N06��16���j","dollfiedream"
"C:\Users\isaharaLab2\Desktop\morisitasan\dataset\brand\pullip\DpT3soBXEy.jpg","6E05139E902E09323A257A24CDB00E7F","","�V�K�o�^�i2016�N06��16���j","pullip"
"C:\Users\isaharaLab2\Desktop\morisitasan\dataset\brand\xcute\WIRnn92K7e.jpg","09CD20F0C9924B452ABDBA0D25EAE4D1","","�V�K�o�^�i2016�N06��16���j","sahra"
"C:\Users\isaharaLab2\Desktop\morisitasan\dataset\brand\xcute\RV2NTDx849.jpg","BEA6ED71092657A59D12CC58EBE633B1","","�V�K�o�^�i2016�N06��16���j","xcute"
"C:\Users\isaharaLab2\Desktop\morisitasan\dataset\brand\pullip\PpFRdM6PGb.jpg","3D0401E9823838EC93616B50A94E211B","","�V�K�o�^�i2016�N06��16���j","pullip"
"C:\Users\isaharaLab2\Desktop\morisitasan\dataset\brand\xcute\9tfmynoTKZ.jpg","919CEEBFD7D900CF69562ACB4B805B67","","�V�K�o�^�i2016�N06��16���j","xcute"
"C:\Users\isaharaLab2\Desktop\morisitasan\dataset\brand\sahra\A5aM3vSRyq.jpg","A9768E20729D788343814A88903C16AE","","�V�K�o�^�i2016�N06��16���j","xcute"
"C:\Users\isaharaLab2\Desktop\morisitasan\dataset\brand\xcute\uSSdv2gjaf.jpg","5F6C9EFA832AC0A6948E651E5CB16086","","�V�K�o�^�i2016�N06��16���j","sahra"
"C:\Users\isaharaLab2\Desktop\morisitasan\dataset\brand\pullip\iNDfbRROQn.jpg","DB938B33A3BD0F17594887144C84941C","","�V�K�o�^�i2016�N06��16���j","pullip"
"C:\Users\isaharaLab2\Desktop\morisitasan\dataset\brand\blythe\T0WW4bzvZ7.jpg","5047B84068DBD4D87495ED7CB72BF9F8","","�V�K�o�^�i2016�N06��16���j","blythe"
"C:\Users\isaharaLab2\Desktop\morisitasan\dataset\brand\superdollfie\S0WxRpWPRV.jpg","3CCB9EAE2483B11C6734276E9D152E5F","","�V�K�o�^�i2016�N06��16���j","superdollfie"
"C:\Users\isaharaLab2\Desktop\morisitasan\dataset\brand\superdollfie\rK8n1BfoFt.jpg","30AB24250F6B8CA81911CD8F6213A001","","�V�K�o�^�i2016�N06��16���j","superdollfie"
"C:\Users\isaharaLab2\Desktop\morisitasan\dataset\brand\xcute\NAEiyS0Ovl.jpg","D8346D48AE75A902DF2C3FCB7DF94DE9","","�V�K�o�^�i2016�N06��16���j","xcute"
"C:\Users\isaharaLab2\Desktop\morisitasan\dataset\brand\sahra\iNkow8kf3Y.jpg","00EC292A1CAB28F8E9419644568E0AE3","","�V�K�o�^�i2016�N06��16���j","sahra"
"C:\Users\isaharaLab2\Desktop\morisitasan\dataset\brand\xcute\48teXwjJLc.jpg","FC03DE857CF663210A7DB8A95D2FFE48","","�V�K�o�^�i2016�N06��16���j","sahra"
"C:\Users\isaharaLab2\Desktop\morisitasan\dataset\brand\superdollfie\LxYJfq2xSR.jpg","6593731C049239F4D403E870AA0AC92B","","�V�K�o�^�i2016�N06��16���j","superdollfie"
"C:\Users\isaharaLab2\Desktop\morisitasan\dataset\brand\blythe\naeOln7EeM.jpg","921A643FC5F327E333344BC9FE6E32AB","","�V�K�o�^�i2016�N06��16���j","blythe"
"C:\Users\isaharaLab2\Desktop\morisitasan\dataset\brand\dollfiedream\9DWSVL9dHP.jpg","84E5AA9CBF3F0A7239AF18886077AFB0","","�V�K�o�^�i2016�N06��16���j","superdollfie"
"C:\Users\isaharaLab2\Desktop\morisitasan\dataset\brand\xcute\RLbuKfMXwS.jpg","079490AE5C4A36EAD4C8251092C3EC5A","","�V�K�o�^�i2016�N06��16���j","dollfiedream"
"C:\Users\isaharaLab2\Desktop\morisitasan\dataset\brand\blythe\rW15Mld0Cn.jpg","71897C04D36CDF2864E11682FCACFF7B","","�V�K�o�^�i2016�N06��16���j","blythe"
"C:\Users\isaharaLab2\Desktop\morisitasan\dataset\brand\blythe\RvxZl22coy.jpg","C4B8F051F6788E06918BAD2040C91057","","�V�K�o�^�i2016�N06��16���j","blythe"
"C:\Users\isaharaLab2\Desktop\morisitasan\dataset\brand\xcute\n2rB2NTJmd.jpg","05F7705D9BE9DDE774CDDC184C58009D","","�V�K�o�^�i2016�N06��16���j","sahra"
"C:\Users\isaharaLab2\Desktop\morisitasan\dataset\brand\pullip\81Gy9EyM9g.jpg","5C8F3DDBCF0E9A1BA8A06E641F0685BB","","�V�K�o�^�i2016�N06��16���j","pullip"
"C:\Users\isaharaLab2\Desktop\morisitasan\dataset\brand\xcute\2cERiwNEFk.jpg","D8CA75B650A6EBBA7FE2A57816C84BA2","","�V�K�o�^�i2016�N06��16���j","xcute"
"C:\Users\isaharaLab2\Desktop\morisitasan\dataset\brand\xcute\ZiRNWtwAFt.jpg","C7CAE6279710F11AE9EE4B3BD498F6FA","","�V�K�o�^�i2016�N06��16���j","sahra"
"C:\Users\isaharaLab2\Desktop\morisitasan\dataset\brand\pullip\oP0B09bnre.jpg","D59BC0B53364569A2E31B4D832F4DB07","","�V�K�o�^�i2016�N06��16���j","pullip"
"C:\Users\isaharaLab2\Desktop\morisitasan\dataset\brand\pullip\xfdhjQ4EA6.jpg","1FBBBB25A0CA29F78A5B8FCDFD238837","","�V�K�o�^�i2016�N06��16���j","pullip"
"C:\Users\isaharaLab2\Desktop\morisitasan\dataset\brand\superdollfie\FAeOMZQsur.jpg","9EC461B6190C7780BA3D2CC0E68AC929","","�V�K�o�^�i2016�N06��16���j","superdollfie"
"C:\Users\isaharaLab2\Desktop\morisitasan\dataset\brand\dollfiedream\aqypEYwVRo.jpg","65DB60859D3258C3417DBC33E137AE7D","","�V�K�o�^�i2016�N06��16���j","dollfiedream"
"C:\Users\isaharaLab2\Desktop\morisitasan\dataset\brand\blythe\qxzEpZSpX5.jpg","0B655D01E0DA09DA8157A66ECF846A39","","�V�K�o�^�i2016�N06��16���j","blythe"
"C:\Users\isaharaLab2\Desktop\morisitasan\dataset\brand\blythe\TMohsmhkJI.jpg","1CB8CC5B093B07DEB41FE19A59F4CBDB","","�V�K�o�^�i2016�N06��16���j","blythe"
"C:\Users\isaharaLab2\Desktop\morisitasan\dataset\brand\superdollfie\d2mckaNLIO.png","55DFB01F71D159BE26119A0B233645D3","","�V�K�o�^�i2016�N06��16���j","pullip"
"C:\Users\isaharaLab2\Desktop\morisitasan\dataset\brand\xcute\sNGkfiB94l.jpg","D10C17B005B9A7B836138F0B1ED706DA","","�V�K�o�^�i2016�N06��16���j","sahra"
"C:\Users\isaharaLab2\Desktop\morisitasan\dataset\brand\xcute\T2JWXw6zWY.jpg","D6EE58CF9983996B9C9A4FC8C0C8E6D5","","�V�K�o�^�i2016�N06��16���j","xcute"
"C:\Users\isaharaLab2\Desktop\morisitasan\dataset\brand\xcute\KgARTbcn6h.jpeg","E304433FDF347A9D66B83AD309BFD93D","","�V�K�o�^�i2016�N06��16���j","sahra"
"C:\Users\isaharaLab2\Desktop\morisitasan\dataset\brand\xcute\PzKPS6cwDd.jpg","4ADE706DD452F8F10B81FF9738A54267","","�V�K�o�^�i2016�N06��16���j","dollfiedream"
"C:\Users\isaharaLab2\Desktop\morisitasan\dataset\brand\xcute\9EK0pAS6Hg.jpg","EE12ABB5B91F954589F23CB0C031A5C2","","�V�K�o�^�i2016�N06��16���j","xcute"
"C:\Users\isaharaLab2\Desktop\morisitasan\dataset\brand\pullip\ZkqkZ3H6jb.jpg","95C9EB5305CFD27188D0EFEAB5DAF027","","�V�K�o�^�i2016�N06��16���j","pullip"
"C:\Users\isaharaLab2\Desktop\morisitasan\dataset\brand\sahra\pnZT2vJdrO.jpg","9F7D4D799E06C61B7061026533514C2F","","�V�K�o�^�i2016�N06��16���j","dollfiedream"
"C:\Users\isaharaLab2\Desktop\morisitasan\dataset\brand\xcute\2BBZWncVkP.jpg","2F0DEF221F7DD57A5D710953A205FAFC","","�V�K�o�^�i2016�N06��16���j","xcute"
"C:\Users\isaharaLab2\Desktop\morisitasan\dataset\brand\pullip\AInZYTRTzB.jpg","3D293220A5D85988AB0E2A46100DADC8","","�V�K�o�^�i2016�N06��16���j","pullip"
"C:\Users\isaharaLab2\Desktop\morisitasan\dataset\brand\xcute\Y419ASd2Ig.jpg","30297E0969DF2362A75B3F154E01839D","","�V�K�o�^�i2016�N06��16���j","dollfiedream"
"C:\Users\isaharaLab2\Desktop\morisitasan\dataset\brand\xcute\HWa9gDtwF1.jpg","FAA513ECF5B8B771C4DDE87B5C3F109F","","�V�K�o�^�i2016�N06��16���j","sahra"
"C:\Users\isaharaLab2\Desktop\morisitasan\dataset\brand\xcute\S3rgo9maaD.jpg","7DA56D1D80A4320FD34F09C9F5F8B156","","�V�K�o�^�i2016�N06��16���j","xcute"
"C:\Users\isaharaLab2\Desktop\morisitasan\dataset\brand\dollfiedream\T6nVtXiKDt.jpg","D04BAC3B43CEB4447C2575337240962A","","�V�K�o�^�i2016�N06��16���j","dollfiedream"
"C:\Users\isaharaLab2\Desktop\morisitasan\dataset\brand\pullip\8o6pD4CP6h.jpg","F627C552362B912C5120B0CB73639257","","�V�K�o�^�i2016�N06��16���j","pullip"
"C:\Users\isaharaLab2\Desktop\morisitasan\dataset\brand\pullip\ZsRoM279E1.jpg","E0603CA55BE35806049746A112C68CE0","","�V�K�o�^�i2016�N06��16���j","pullip"
"C:\Users\isaharaLab2\Desktop\morisitasan\dataset\brand\dollfiedream\bxK84eIAif.jpg","AADA6CC0FFA5E7E93248B18A4D739F99","","�V�K�o�^�i2016�N06��16���j","dollfiedream"
"C:\Users\isaharaLab2\Desktop\morisitasan\dataset\brand\xcute\ye3cB4tnYF.jpg","F20750ACD62DB79D26CE8F0702E2EA2B","","�V�K�o�^�i2016�N06��16���j","blythe"
"C:\Users\isaharaLab2\Desktop\morisitasan\dataset\brand\blythe\cvlo0qg4y3.jpg","9C4B56E18732B34B83018062E863B1A3","","�V�K�o�^�i2016�N06��16���j","blythe"
"C:\Users\isaharaLab2\Desktop\morisitasan\dataset\brand\xcute\Dnbs4XlZjy.jpg","2763F5146B4B54B98813F39CC7A56265","","�V�K�o�^�i2016�N06��16���j","sahra"
"C:\Users\isaharaLab2\Desktop\morisitasan\dataset\brand\pullip\QqRM4Ol6lu.jpg","7E85F922C03ED862146500E265CEC532","","�V�K�o�^�i2016�N06��16���j","pullip"
"C:\Users\isaharaLab2\Desktop\morisitasan\dataset\brand\pullip\yqvmnmSNAt.jpg","3ADA1BEDC322982AF52CC5EC6E2FF68D","","�V�K�o�^�i2016�N06��16���j","pullip"
"C:\Users\isaharaLab2\Desktop\morisitasan\dataset\brand\superdollfie\5lkkKY52Y2.jpg","69DC32AF343AB85422E421D932E3513D","","�V�K�o�^�i2016�N06��16���j","superdollfie"
"C:\Users\isaharaLab2\Desktop\morisitasan\dataset\brand\xcute\WSQ9QWrZY3.jpg","A9E44B97AD16F945EBC3BB760AC54E25","","�V�K�o�^�i2016�N06��16���j","dollfiedream"
"C:\Users\isaharaLab2\Desktop\morisitasan\dataset\brand\xcute\PhWDGg5QxW.jpg","A32980F017DCA26F150FFE579AF810CE","","�V�K�o�^�i2016�N06��16���j","dollfiedream"
"C:\Users\isaharaLab2\Desktop\morisitasan\dataset\brand\pullip\oNRuJNXZEp.jpg","6C60C3C0B84F049F14BFEBEA81BEA698","","�V�K�o�^�i2016�N06��16���j","pullip"
"C:\Users\isaharaLab2\Desktop\morisitasan\dataset\brand\superdollfie\r4XZchaM0k.JPG","0728C6C409D890A6469E7718C6FC3DDB","","�V�K�o�^�i2016�N06��16���j","superdollfie"
"C:\Users\isaharaLab2\Desktop\morisitasan\dataset\brand\superdollfie\Gu2PNKjkhC.jpg","8FA22AB5DFB0EDE06B97D5E092D19F60","","�V�K�o�^�i2016�N06��16���j","superdollfie"
"C:\Users\isaharaLab2\Desktop\morisitasan\dataset\brand\pullip\MPRQOxiapx.jpg","B964E505487846E881CF287028F412E3","","�V�K�o�^�i2016�N06��16���j","pullip"
"C:\Users\isaharaLab2\Desktop\morisitasan\dataset\brand\blythe\nmvi0ahM5g.jpeg","3FA38D281070FC95827A5F5F4170BDD3","","�V�K�o�^�i2016�N06��16���j","blythe"
"C:\Users\isaharaLab2\Desktop\morisitasan\dataset\brand\pullip\OOG6NlLCM7.jpg","EF03B757B5BC1423894BBEB7A35F6F4C","","�V�K�o�^�i2016�N06��16���j","pullip"
"C:\Users\isaharaLab2\Desktop\morisitasan\dataset\brand\sahra\vPLXghALxR.jpg","B797660F13758898F9A8510054C3A2AF","","�V�K�o�^�i2016�N06��16���j","sahra"
"C:\Users\isaharaLab2\Desktop\morisitasan\dataset\brand\xcute\gxntz939W2.jpg","ADF805D121A8187BC8FE1FFADB282AEA","","�V�K�o�^�i2016�N06��16���j","xcute"
"C:\Users\isaharaLab2\Desktop\morisitasan\dataset\brand\superdollfie\zZVMpbIIHv.jpeg","43FB3778B8B6E0256514B42B5D4F64C9","","�V�K�o�^�i2016�N06��16���j","superdollfie"
"C:\Users\isaharaLab2\Desktop\morisitasan\dataset\brand\xcute\eF1y9V9WqT.jpg","8471F96B3CDF6EF2D4063E23A429DEC0","","�V�K�o�^�i2016�N06��16���j","sahra"
"C:\Users\isaharaLab2\Desktop\morisitasan\dataset\brand\pullip\MeMoTSwArQ.jpeg","0E75FEE14753FBA2B305EB904830B045","","�V�K�o�^�i2016�N06��16���j","pullip"
"C:\Users\isaharaLab2\Desktop\morisitasan\dataset\brand\blythe\BiKEsfsFte.jpg","AF954E4CCAACA08F30F5541823F6FB33","","�V�K�o�^�i2016�N06��16���j","blythe"
"C:\Users\isaharaLab2\Desktop\morisitasan\dataset\brand\superdollfie\EN3aNsVwCb.jpg","EA0D71BA68F9F4A08868AD19FD262A57","","�V�K�o�^�i2016�N06��16���j","superdollfie"
"C:\Users\isaharaLab2\Desktop\morisitasan\dataset\brand\sahra\dY1qlPZmen.jpg","DB640B1A85527931684CFDCCAB564FEF","","�V�K�o�^�i2016�N06��16���j","sahra"
"C:\Users\isaharaLab2\Desktop\morisitasan\dataset\brand\superdollfie\2Qo6poJh0d.jpg","49188D38FDC6E15E6ED44FB459C38B6D","","�V�K�o�^�i2016�N06��16���j","superdollfie"
"C:\Users\isaharaLab2\Desktop\morisitasan\dataset\brand\sahra\4zN1XJTEn7.jpg","81FBEB49BDC24EA720BF2DECCDB50C49","","�V�K�o�^�i2016�N06��16���j","sahra"
"C:\Users\isaharaLab2\Desktop\morisitasan\dataset\brand\superdollfie\XYJtXOFtYS.jpg","F697E7C28FB6AC461FA9D4197D74517A","","�V�K�o�^�i2016�N06��16���j","superdollfie"
"C:\Users\isaharaLab2\Desktop\morisitasan\dataset\brand\pullip\oOQIzKmdMY.jpg","BDC8ECF4AEDC23D28D878BC67508B9F0","","�V�K�o�^�i2016�N06��16���j","pullip"
"C:\Users\isaharaLab2\Desktop\morisitasan\dataset\brand\pullip\h0ChnuirvR.jpg","079A8AC623880145EC988BD10C534DAC","","�V�K�o�^�i2016�N06��16���j","pullip"
"C:\Users\isaharaLab2\Desktop\morisitasan\dataset\brand\superdollfie\esRwLLPAp6.jpg","ECAE601B179E0B89002E77346C0649FF","","�V�K�o�^�i2016�N06��16���j","superdollfie"
"C:\Users\isaharaLab2\Desktop\morisitasan\dataset\brand\xcute\bowBuxBtpH.jpg","D5FA823BD7C39391E7DA57EB2C6FD49F","","�V�K�o�^�i2016�N06��16���j","sahra"
"C:\Users\isaharaLab2\Desktop\morisitasan\dataset\brand\sahra\tha1xzuY8x.jpg","473CB1766857C8B160DAD831B885D8F1","","�V�K�o�^�i2016�N06��16���j","sahra"
"C:\Users\isaharaLab2\Desktop\morisitasan\dataset\brand\dollfiedream\XlfrxNwTBg.jpg","44A13785A362E82EBAEAF1B4AB22E4EC","","�V�K�o�^�i2016�N06��16���j","dollfiedream"
"C:\Users\isaharaLab2\Desktop\morisitasan\dataset\brand\xcute\tcv1REYz11.jpg","DCF6DD7C0343DBB7EAB239930886767F","","�V�K�o�^�i2016�N06��16���j","xcute"
"C:\Users\isaharaLab2\Desktop\morisitasan\dataset\brand\xcute\R2tIk49T7N.jpg","54F94F055E1D4916610B2F9637717C12","","�V�K�o�^�i2016�N06��16���j","sahra"
"C:\Users\isaharaLab2\Desktop\morisitasan\dataset\brand\dollfiedream\O301SRpCDQ.jpeg","4ED9A2F3B0CAF32DB2B3BBDD2E5459A9","","�V�K�o�^�i2016�N06��16���j","superdollfie"
"C:\Users\isahara_lab\Desktop\dataset\brand\xcute\Ke1qc0lpyn.jpg","7B53662A6001C6655AA2BD3925B0255B","","�V�K�o�^�i2016�N06��16���j","xcute"
"C:\Users\isahara_lab\Desktop\dataset\brand\superdollfie\I4vSzNxcm3.jpg","76E48915AF371354C21AB2E9D8784CDB","","�V�K�o�^�i2016�N06��16���j","superdollfie"
"C:\Users\isahara_lab\Desktop\dataset\brand\xcute\TYCPzEdsAv.jpg","DE542867175842E4156C097B6774C7D3","","�V�K�o�^�i2016�N06��16���j","xcute"
"C:\Users\isahara_lab\Desktop\dataset\brand\xcute\FejVZ4y7Za.jpg","A567B7240AE776979F224FB630ECB54C","","�V�K�o�^�i2016�N06��16���j","sahra"
"C:\Users\isahara_lab\Desktop\dataset\brand\pullip\dW1wJFieNE.jpg","28016ABB5D105710DAAAF933E91C5D72","","�V�K�o�^�i2016�N06��16���j","pullip"
"C:\Users\isahara_lab\Desktop\dataset\brand\pullip\ZkqkZ3H6jb.jpg","95C9EB5305CFD27188D0EFEAB5DAF027","","�V�K�o�^�i2016�N06��16���j","pullip"
"C:\Users\isahara_lab\Desktop\dataset\brand\sahra\p3D2NWAS1I.jpg","CE00879408F6C5B8020798C494CB6B0C","","�V�K�o�^�i2016�N06��16���j","sahra"
"C:\Users\isahara_lab\Desktop\dataset\brand\xcute\R2tIk49T7N.jpg","54F94F055E1D4916610B2F9637717C12","","�V�K�o�^�i2016�N06��16���j","dollfiedream"
"C:\Users\isahara_lab\Desktop\dataset\brand\sahra\SnYssoYlFJ.jpg","58BC5FD80A11DAD4798213A54F241CA5","","�V�K�o�^�i2016�N06��16���j","sahra"
"C:\Users\isahara_lab\Desktop\dataset\brand\sahra\B5iV4fd6dm.jpg","44B573DB8196057219F507E387377143","","�V�K�o�^�i2016�N06��16���j","dollfiedream"
"C:\Users\isahara_lab\Desktop\dataset\brand\pullip\2nARitJwt2.jpg","4DE830A989EEF82FB0A688FAA63988A8","","�V�K�o�^�i2016�N06��16���j","blythe"
"C:\Users\isahara_lab\Desktop\dataset\brand\xcute\ROToMwnKR9.jpg","257D5045C0D9DD77D8465B91F03E4479","","�V�K�o�^�i2016�N06��16���j","xcute"
"C:\Users\isahara_lab\Desktop\dataset\brand\xcute\TYpsD7qCs4.jpg","235D28AB864A361EEA7135CAE8DA3099","","�V�K�o�^�i2016�N06��16���j","xcute"
"C:\Users\isahara_lab\Desktop\dataset\brand\sahra\Ci0EQwfaVI.jpg","98A7499BE105314999CA2431E3392F54","","�V�K�o�^�i2016�N06��16���j","sahra"
"C:\Users\isahara_lab\Desktop\dataset\brand\xcute\ffXMdvVuqJ.JPG","051F173A773C6D5589239586F97E520D","","�V�K�o�^�i2016�N06��16���j","sahra"
"C:\Users\isahara_lab\Desktop\dataset\brand\xcute\gefSzhe3fy.jpg","039E6FACE252C8495020FC1759BEE88C","","�V�K�o�^�i2016�N06��16���j","xcute"
"C:\Users\isahara_lab\Desktop\dataset\brand\xcute\jkgRYouVz1.jpg","A798400C3C7E38FFF4DFD66888999FCB","","�V�K�o�^�i2016�N06��16���j","xcute"
"C:\Users\isahara_lab\Desktop\dataset\brand\xcute\Bp6jO2d5E5.jpg","FCA67115F4F8638424694B14B9C66D9B","","�V�K�o�^�i2016�N06��16���j","sahra"
"C:\Users\isahara_lab\Desktop\dataset\brand\xcute\iEAFxNMLvh.jpg","5B7CEC2DBABD3D6DC6B75D4B6DB1996A","","�V�K�o�^�i2016�N06��16���j","xcute"
"C:\Users\isahara_lab\Desktop\dataset\brand\pullip\CaHOS96eCI.jpg","0D7B55B348F484BF70435D78E992B7FE","","�V�K�o�^�i2016�N06��16���j","superdollfie"
"C:\Users\isahara_lab\Desktop\dataset\brand\superdollfie\eTSxVR9ZRo.jpg","044251B9144EAF41E9D7B6BD43C39E6B","","�V�K�o�^�i2016�N06��16���j","superdollfie"
"C:\Users\isahara_lab\Desktop\dataset\brand\xcute\PYRXXlsQgQ.jpg","7EAAE99AC4F7A1047BC80B5E99E81150","","�V�K�o�^�i2016�N06��16���j","xcute"
"C:\Users\isahara_lab\Desktop\dataset\brand\pullip\T33jtuQElZ.jpg","A1D955E2E4BDDE19D1C5E817BA082F71","","�V�K�o�^�i2016�N06��16���j","pullip"
"C:\Users\isahara_lab\Desktop\dataset\brand\sahra\RxaBk7M1gh.jpg","2D9BC34441806884FCA97B5794F1B049","","�V�K�o�^�i2016�N06��16���j","sahra"
"C:\Users\isahara_lab\Desktop\dataset\brand\xcute\RBxz1wpNQk.jpg","DFB0A29A86903BBA68D51CEB93DCF6B1","","�V�K�o�^�i2016�N06��16���j","sahra"
"C:\Users\isahara_lab\Desktop\dataset\brand\blythe\X03DpuBzuO.jpg","50E347573E22E944DB8BA632F71645EF","","�V�K�o�^�i2016�N06��16���j","blythe"
"C:\Users\isahara_lab\Desktop\dataset\brand\dollfiedream\EOehrGnQnV.jpg","F426F5FB10332D228D6C00D37C751187","","�V�K�o�^�i2016�N06��16���j","dollfiedream"
"C:\Users\isahara_lab\Desktop\dataset\brand\superdollfie\DYRfzA5lTD.jpg","362BE4690A7F402B017A3AC3D6716D5F","","�V�K�o�^�i2016�N06��16���j","superdollfie"
"C:\Users\isahara_lab\Desktop\dataset\brand\blythe\9Lut9ym0yH.jpg","099A9D07F8F6827F68D124A1E9AE501A","","�V�K�o�^�i2016�N06��16���j","blythe"
"C:\Users\isahara_lab\Desktop\dataset\brand\pullip\RT9RtzJobJ.jpg","A432916C37FC41B7E503DB7155E33DE8","","�V�K�o�^�i2016�N06��16���j","pullip"
"C:\Users\isahara_lab\Desktop\dataset\brand\superdollfie\ud5zrp7kkb.jpg","493415E7630B71F7D20A6D2789507674","","�V�K�o�^�i2016�N06��16���j","superdollfie"
"C:\Users\isahara_lab\Desktop\dataset\brand\pullip\p4WtvcJ7i0.jpg","3328734049224C3FD54A86C5A1EF27D3","","�V�K�o�^�i2016�N06��16���j","pullip"
"C:\Users\isahara_lab\Desktop\dataset\brand\xcute\bAchu3SCp9.jpg","16B099DBE1D30F3126E448A69C89DAE2","","�V�K�o�^�i2016�N06��16���j","sahra"
"C:\Users\isahara_lab\Desktop\dataset\brand\xcute\fZXQw9K7fZ.jpg","3B6B4E285DBE730148D54997D989A4B5","","�V�K�o�^�i2016�N06��16���j","xcute"
"C:\Users\isahara_lab\Desktop\dataset\brand\pullip\YHpyjMoAct.jpg","CC3276BB00C3830D5C506D9D0CE4B28C","","�V�K�o�^�i2016�N06��16���j","pullip"
"C:\Users\isahara_lab\Desktop\dataset\brand\pullip\x8gFqwsniH.jpg","669369C910DDC24DBA01F9E3D11D1F42","","�V�K�o�^�i2016�N06��16���j","pullip"
"C:\Users\isahara_lab\Desktop\dataset\brand\superdollfie\8bqykEZIRh.jpg","89C40997FDE480E15A8BDA19C304F6E5","","�V�K�o�^�i2016�N06��16���j","superdollfie"
"C:\Users\isahara_lab\Desktop\dataset\brand\sahra\ekJQnzpRwi.jpg","A0EE9A4FB40D7950BC11DF59D1E0DE95","","�V�K�o�^�i2016�N06��16���j","sahra"
"C:\Users\isahara_lab\Desktop\dataset\brand\xcute\83g0JVr81d.jpg","69907AE69B55BAADA6B8953DCD22F13E","","�V�K�o�^�i2016�N06��16���j","sahra"
"C:\Users\isahara_lab\Desktop\dataset\brand\xcute\RgwqX5cYaM.jpg","766B38C81148AFCCB0745AE56709B75B","","�V�K�o�^�i2016�N06��16���j","sahra"
"C:\Users\isahara_lab\Desktop\dataset\brand\dollfiedream\2A6gpJCz8m.jpg","29B43690B3F02E54B31BE70B018138D1","","�V�K�o�^�i2016�N06��16���j","dollfiedream"
"C:\Users\isahara_lab\Desktop\dataset\brand\superdollfie\ZfJPgudi63.JPG","9FEDFD6824A32B897AA2D5F98DD4E93D","","�V�K�o�^�i2016�N06��16���j","superdollfie"
"C:\Users\isahara_lab\Desktop\dataset\brand\xcute\wPqaiDQKRr.jpg","C118D1F016DD2689C31A86EAE8DF7BA0","","�V�K�o�^�i2016�N06��16���j","sahra"
"C:\Users\isahara_lab\Desktop\dataset\brand\blythe\jNsMcpwJsT.jpg","43AD90B61C840B7DDF71CFF1A98F902B","","�V�K�o�^�i2016�N06��16���j","blythe"
"C:\Users\isahara_lab\Desktop\dataset\brand\blythe\EoNxLO8LNy.jpg","8DC1D5D4A1D9E307AD3849ED1EA46FE5","","�V�K�o�^�i2016�N06��16���j","blythe"
"C:\Users\isahara_lab\Desktop\dataset\brand\blythe\oY0sEn8kcu.jpg","F9F9EA8E65B3F55232B43F72804C0A55","","�V�K�o�^�i2016�N06��16���j","blythe"
"C:\Users\isahara_lab\Desktop\dataset\brand\blythe\Blm4zEHty4.jpg","0408BE4DBCF59849F4A213E62987EBC1","","�V�K�o�^�i2016�N06��16���j","blythe"
"C:\Users\isahara_lab\Desktop\dataset\brand\blythe\oXhFfLVuCP.jpg","A25886FD60F000475302202968589D81","","�V�K�o�^�i2016�N06��16���j","blythe"
"C:\Users\isahara_lab\Desktop\dataset\brand\dollfiedream\Tu9KRwcQ2q.jpg","EAEE4F5330619B791CE2EA1E532F9E68","","�V�K�o�^�i2016�N06��16���j","sahra"
"C:\Users\isahara_lab\Desktop\dataset\brand\xcute\t67BbIMyVc.jpg","D029C26E310F6910D28F8703901A62FC","","�V�K�o�^�i2016�N06��16���j","xcute"
"C:\Users\isahara_lab\Desktop\dataset\brand\sahra\YYAm1w9yxH.jpg","19E5FF5381507894A79C833A9C2F91A7","","�V�K�o�^�i2016�N06��16���j","sahra"
"C:\Users\isahara_lab\Desktop\dataset\brand\xcute\eujqzaYsSL.jpg","91126B6458DC74BEBADDEB5398DD3AEC","","�V�K�o�^�i2016�N06��16���j","xcute"
"C:\Users\isahara_lab\Desktop\dataset\brand\sahra\IPbdwQzRlM.jpg","4A6E57C9794C364EF3E7D08EF9939729","","�V�K�o�^�i2016�N06��16���j","sahra"
"C:\Users\isahara_lab\Desktop\dataset\brand\pullip\kqOQhpmXYa.jpg","426AC2638A3FBDB959B40EF98968AEF9","","�V�K�o�^�i2016�N06��16���j","pullip"
"C:\Users\isahara_lab\Desktop\dataset\brand\xcute\6oOKlCiMfE.jpg","AC9C35D3BF74F8901E0A36A88A1D9242","","�V�K�o�^�i2016�N06��16���j","sahra"
"C:\Users\isahara_lab\Desktop\dataset\brand\blythe\Hyb8NWYYn8.jpeg","01512B93747A20F275FC1B6F8C61EED7","","�V�K�o�^�i2016�N06��16���j","blythe"
"C:\Users\isahara_lab\Desktop\dataset\brand\sahra\QXS9mSpTEg.jpg","4F8594CCD847461221B1A7B6116036BD","","�V�K�o�^�i2016�N06��16���j","sahra"
"C:\Users\isahara_lab\Desktop\dataset\brand\dollfiedream\ABlZwCnBHp.png","7937807AB71E32B78F87EB86841BA8A0","","�V�K�o�^�i2016�N06��16���j","sahra"
"C:\Users\isahara_lab\Desktop\dataset\brand\sahra\NwAhZrhx3r.JPG","5FBC819D56824980910191E363CD8BA6","","�V�K�o�^�i2016�N06��16���j","sahra"
"C:\Users\isahara_lab\Desktop\dataset\brand\dollfiedream\bOEdc65uzG.jpg","11669173427ADA594863043775FBEA4E","","�V�K�o�^�i2016�N06��16���j","xcute"
"C:\Users\isahara_lab\Desktop\dataset\brand\sahra\COvd6t5sf2.jpg","3E2FFD78231949F65F997AA281724A19","","�V�K�o�^�i2016�N06��16���j","sahra"
"C:\Users\isahara_lab\Desktop\dataset\brand\dollfiedream\6R3axAwPZd.jpg","8B9DC280284BAF890E57FF6273A47107","","�V�K�o�^�i2016�N06��16���j","sahra"
"C:\Users\isahara_lab\Desktop\dataset\brand\xcute\dJ6qu5vYLg.jpg","12055C730FF0A819E7C187286C9F5FEA","","�V�K�o�^�i2016�N06��16���j","sahra"
"C:\Users\isahara_lab\Desktop\dataset\brand\xcute\j5Cu28MrTG.jpg","D89D8A23DBF684CE969DB17B39090EDD","","�V�K�o�^�i2016�N06��16���j","sahra"
"C:\Users\isahara_lab\Desktop\dataset\brand\blythe\RMKRdwwQdm.jpg","0940D060A995D9D94ED3549F1710DC98","","�V�K�o�^�i2016�N06��16���j","blythe"
"C:\Users\isahara_lab\Desktop\dataset\brand\xcute\5Gh6v50ohV.jpg","7B8CCE3D6638EDE1817220C77282BDEF","","�V�K�o�^�i2016�N06��16���j","sahra"
"C:\Users\isahara_lab\Desktop\dataset\brand\pullip\w1YJYN8zts.jpg","B31DFC7E9FC4821CD8193085528E8FAD","","�V�K�o�^�i2016�N06��16���j","blythe"
"C:\Users\isahara_lab\Desktop\dataset\brand\superdollfie\ez1qKeNj5o.jpeg","48B9F411A5BB1B77AD9B4AA68E610FFB","","�V�K�o�^�i2016�N06��16���j","superdollfie"
"C:\Users\isahara_lab\Desktop\dataset\brand\xcute\GRNY7ZNPvH.jpg","50080FF6753CF86E58FA709D5D0FEE9C","","�V�K�o�^�i2016�N06��16���j","sahra"
"C:\Users\isahara_lab\Desktop\dataset\brand\dollfiedream\JI9YjlYJhx.jpg","D3E31EFED0D70047046CAB5E4A27A4F1","","�V�K�o�^�i2016�N06��16���j","sahra"
"C:\Users\isahara_lab\Desktop\dataset\brand\xcute\KgARTbcn6h.jpeg","E304433FDF347A9D66B83AD309BFD93D","","�V�K�o�^�i2016�N06��16���j","sahra"
"C:\Users\isahara_lab\Desktop\dataset\brand\pullip\anP9x6LjPq.jpg","5FFE76124756FFD6E5BC652A23563584","","�V�K�o�^�i2016�N06��16���j","pullip"
"C:\Users\isahara_lab\Desktop\dataset\brand\sahra\kiQFkfd5SP.jpg","535A7FEEA180482C034C1AC3C20B1620","","�V�K�o�^�i2016�N06��16���j","sahra"
"C:\Users\isahara_lab\Desktop\dataset\brand\dollfiedream\ksKXG5gBQq.jpg","D0C6B77C7058781F2808DA4399AE0E3F","","�V�K�o�^�i2016�N06��16���j","sahra"
"C:\Users\isahara_lab\Desktop\dataset\brand\dollfiedream\v6RgQw31Gb.jpg","E6AFE32DD2E3C142BA6EC7BC05F8AB61","","�V�K�o�^�i2016�N06��16���j","sahra"
"C:\Users\isahara_lab\Desktop\dataset\brand\pullip\pT3hfmcKds.jpg","3770A5EF44C2E0BD43B707FFB00A787E","","�V�K�o�^�i2016�N06��16���j","pullip"
"C:\Users\isahara_lab\Desktop\dataset\brand\xcute\pf9yqdTaQy.jpg","21C637AA8A5D3B761DC7057A245B93BF","","�V�K�o�^�i2016�N06��16���j","sahra"
"C:\Users\isahara_lab\Desktop\dataset\brand\sahra\pnZT2vJdrO.jpg","9F7D4D799E06C61B7061026533514C2F","","�V�K�o�^�i2016�N06��16���j","sahra"
"C:\Users\isahara_lab\Desktop\dataset\brand\pullip\R6v9qNa4Ds.jpg","6DCE819F3A4CBBCE9EB356444E6D664F","","�V�K�o�^�i2016�N06��16���j","pullip"
"C:\Users\isahara_lab\Desktop\dataset\brand\xcute\h1gyQHj6rx.jpg","162150CC28FB25395CD0AE34A04817F1","","�V�K�o�^�i2016�N06��16���j","xcute"
"C:\Users\isahara_lab\Desktop\dataset\brand\superdollfie\XxqsA0YqFE.jpg","9EE29E883FFE1AEECCDA58FECC0883FD","","�V�K�o�^�i2016�N06��16���j","superdollfie"
"C:\Users\isahara_lab\Desktop\dataset\brand\pullip\uJap3cvVOQ.jpg","E2F52BE3AE5C5FCF2671E80DBA2A3DE4","","�V�K�o�^�i2016�N06��16���j","pullip"
"C:\Users\isahara_lab\Desktop\dataset\brand\xcute\k55FgtKhsQ.jpg","E5BA38C0C6D6E34C23B1140A1F417AD5","","�V�K�o�^�i2016�N06��16���j","xcute"
"C:\Users\isahara_lab\Desktop\dataset\brand\dollfiedream\BatHFdZqn5.jpg","AEE7289BDAF87ACEBE81C3EF8382EED4","","�V�K�o�^�i2016�N06��16���j","sahra"
"C:\Users\isahara_lab\Desktop\dataset\brand\xcute\RFsvWwjHNM.jpg","EB264EBC357775AA283290A307A73778","","�V�K�o�^�i2016�N06��16���j","xcute"
"C:\Users\isahara_lab\Desktop\dataset\brand\superdollfie\n8aRDbMYRR.jpg","260846908428FFC17755FE982544033B","","�V�K�o�^�i2016�N06��16���j","superdollfie"
"C:\Users\isahara_lab\Desktop\dataset\brand\blythe\6KTyJGZdNr.jpg","991255AAD138A9090023418FD44D3A48","","�V�K�o�^�i2016�N06��16���j","blythe"
"C:\Users\isahara_lab\Desktop\dataset\brand\sahra\nAvZaI5vP7.jpg","ECAECC8D47AA6BEED033963DD46B49A4","","�V�K�o�^�i2016�N06��16���j","sahra"
"C:\Users\isahara_lab\Desktop\dataset\brand\xcute\a8fx1Gbulz.jpg","29608C51F025093BE521858A4BB99C30","","�V�K�o�^�i2016�N06��16���j","xcute"
"C:\Users\isahara_lab\Desktop\dataset\brand\xcute\SGQYjyBqN5.jpg","8471F96B3CDF6EF2D4063E23A429DEC0","","�V�K�o�^�i2016�N06��16���j","sahra"
"C:\Users\isahara_lab\Desktop\dataset\brand\pullip\lk0eejTkeX.jpg","7EB0D1B7CBCA8371D884E3E1ABEF78E2","","�V�K�o�^�i2016�N06��16���j","blythe"
"C:\Users\isahara_lab\Desktop\dataset\brand\sahra\Ef9fzczun1.jpg","70DCC2AE481FC4C0C4BBCE09414AD0D7","","�V�K�o�^�i2016�N06��16���j","sahra"
"C:\Users\isahara_lab\Desktop\dataset\brand\pullip\oP0B09bnre.jpg","D59BC0B53364569A2E31B4D832F4DB07","","�V�K�o�^�i2016�N06��16���j","pullip"
"C:\Users\isahara_lab\Desktop\dataset\brand\blythe\M5vX4yKTfI.jpg","8D60F4174922D70720D9BB992B69880C","","�V�K�o�^�i2016�N06��16���j","blythe"
"C:\Users\isahara_lab\Desktop\dataset\brand\dollfiedream\gZ4cTRPrv8.jpg","902A17C8F87894F321EC2C533E97DE6D","","�V�K�o�^�i2016�N06��16���j","sahra"
"C:\Users\isahara_lab\Desktop\dataset\brand\superdollfie\FJRkdQKhAP.jpg","606737784DD70AFB4718B702CB986902","","�V�K�o�^�i2016�N06��16���j","superdollfie"
"C:\Users\isahara_lab\Desktop\dataset\brand\blythe\bpGKRdKc1k.jpg","15267878FF247A236F9BED1888009331","","�V�K�o�^�i2016�N06��16���j","blythe"
"C:\Users\isahara_lab\Desktop\dataset\brand\xcute\dvZXq62FYT.jpg","21F94FE41BA30F797E6F3E0C3214FA31","","�V�K�o�^�i2016�N06��16���j","sahra"
"C:\Users\isahara_lab\Desktop\dataset\brand\superdollfie\xkd8gDjmOb.jpg","E385B989969A619C64FED66352E60C32","","�V�K�o�^�i2016�N06��16���j","superdollfie"
"C:\Users\isahara_lab\Desktop\dataset\brand\pullip\IgdWhjudjf.jpg","9578BF7CA21AEDA7492AE79822199C13","","�V�K�o�^�i2016�N06��16���j","pullip"
"C:\Users\isahara_lab\Desktop\dataset\brand\xcute\S3rgo9maaD.jpg","7DA56D1D80A4320FD34F09C9F5F8B156","","�V�K�o�^�i2016�N06��17���j","xcute"
"C:\Users\isahara_lab\Desktop\dataset\brand\xcute\eF1y9V9WqT.jpg","8471F96B3CDF6EF2D4063E23A429DEC0","","�V�K�o�^�i2016�N06��17���j","xcute"
"C:\Users\isahara_lab\Desktop\dataset\brand\sahra\lXj4oFg06t.jpg","364B33D4DBA5615A0D164B8F28C7731D","","�V�K�o�^�i2016�N06��17���j","sahra"
"C:\Users\isahara_lab\Desktop\dataset\brand\sahra\XijYcYkVE7.jpg","367209A5FC9F5E4ED42EDF553D9B5FE3","","�V�K�o�^�i2016�N06��17���j","xcute"
"C:\Users\isahara_lab\Desktop\dataset\brand\dollfiedream\EpBEhnPReH.jpg","8584B9996363EB72999F666C8DDE8E2D","","�V�K�o�^�i2016�N06��17���j","dollfiedream"
"C:\Users\isahara_lab\Desktop\dataset\brand\xcute\VOuJPRvHJG.jpg","76DC1FDFA3D3489F9A6B5F4580B14361","","�V�K�o�^�i2016�N06��17���j","xcute"
"C:\Users\isahara_lab\Desktop\dataset\brand\blythe\ECgFSK2QDF.jpg","87491759E4B1F109D3832B53DB5D953E","","�V�K�o�^�i2016�N06��17���j","pullip"
"C:\Users\isahara_lab\Desktop\dataset\brand\xcute\yn5m7wddkq.jpg","CFB8B56FB2F695518EEB49489BD69B82","","�V�K�o�^�i2016�N06��17���j","xcute"
"C:\Users\isahara_lab\Desktop\dataset\brand\xcute\H5fb3oZYaO.jpg","63511F198430D7FE0761027C5118D239","","�V�K�o�^�i2016�N06��17���j","xcute"
"C:\Users\isahara_lab\Desktop\dataset\brand\sahra\L7z8lBlwKL.jpg","81A8F93825CAA9688175894D8FD46ED6","","�V�K�o�^�i2016�N06��17���j","sahra"
"C:\Users\isahara_lab\Desktop\dataset\brand\xcute\JOFDudpyQ2.jpg","0A08CE76CA392EE0347C18AFA45D17CB","","�V�K�o�^�i2016�N06��17���j","xcute"
"C:\Users\isahara_lab\Desktop\dataset\brand\sahra\aEgVMrlYGB.jpg","E4BD0BF15DC96EC65EB7A527377C9700","","�V�K�o�^�i2016�N06��17���j","xcute"
"C:\Users\isahara_lab\Desktop\dataset\brand\pullip\0Jg0BVAKu2.jpg","306F94FCFEAB5CCE72C3A7177EC30B0C","","�V�K�o�^�i2016�N06��17���j","pullip"
"C:\Users\isahara_lab\Desktop\dataset\brand\sahra\4bv3RgPCTd.jpg","723C9583498E1663CF7AE41179FC023E","","�V�K�o�^�i2016�N06��17���j","sahra"
"C:\Users\isahara_lab\Desktop\dataset\brand\xcute\MMnSzsczTk.JPG","051F173A773C6D5589239586F97E520D","","�V�K�o�^�i2016�N06��17���j","sahra"
"C:\Users\isahara_lab\Desktop\dataset\brand\superdollfie\lpmcxsWajE.jpg","30BB9C3A059F87D692255D1E5D0AAE46","","�V�K�o�^�i2016�N06��17���j","superdollfie"
"C:\Users\isahara_lab\Desktop\dataset\brand\sahra\fuK5pMBg77.jpg","427B72ACF4EA7BE7A295C4D692EB62BA","","�V�K�o�^�i2016�N06��17���j","xcute"
"C:\Users\isahara_lab\Desktop\dataset\brand\blythe\qxzEpZSpX5.jpg","0B655D01E0DA09DA8157A66ECF846A39","","�V�K�o�^�i2016�N06��17���j","blythe"
"C:\Users\isahara_lab\Desktop\dataset\brand\xcute\FihJCsSrMt.jpg","A22B08C9BBE5933CB31E68D773DF01EF","","�V�K�o�^�i2016�N06��17���j","sahra"
"C:\Users\isahara_lab\Desktop\dataset\brand\dollfiedream\vf6H6TEAYM.jpg","8CB4469BCDF464221E00EC7B3A566BE6","","�V�K�o�^�i2016�N06��17���j","dollfiedream"
"C:\Users\isahara_lab\Desktop\dataset\brand\sahra\DMR3NKb7En.jpg","AD1FA25AA8316D24A711EB94B9DB80DB","","�V�K�o�^�i2016�N06��17���j","xcute"
"C:\Users\isahara_lab\Desktop\dataset\brand\xcute\7ymPoRWrYd.jpg","FB7D444081BB7BF29D928E9374980C5D","","�V�K�o�^�i2016�N06��17���j","xcute"
"C:\Users\isahara_lab\Desktop\dataset\brand\sahra\5es8oq8anG.jpg","8245AD5498FE31B3A2A962BE71101374","","�V�K�o�^�i2016�N06��17���j","xcute"
"C:\Users\isahara_lab\Desktop\dataset\brand\sahra\lhKX2fetaz.jpg","0A3EA06E7A8ABF0A5F39D8232518E181","","�V�K�o�^�i2016�N06��17���j","sahra"
"C:\Users\isahara_lab\Desktop\dataset\brand\pullip\nMc647IPTA.jpg","312AD917B36575262C6845C39F56884A","","�V�K�o�^�i2016�N06��17���j","pullip"
"C:\Users\isahara_lab\Desktop\dataset\brand\dollfiedream\2A6gpJCz8m.jpg","29B43690B3F02E54B31BE70B018138D1","","�V�K�o�^�i2016�N06��17���j","xcute"
"C:\Users\isahara_lab\Desktop\dataset\brand\superdollfie\ez1qKeNj5o.jpeg","48B9F411A5BB1B77AD9B4AA68E610FFB","","","dollfiedream"
"C:\Users\isahara_lab\Desktop\dataset\brand\sahra\LSBiV4DnhH.jpg","B4598D429D6B9F0CB39225D305B7F624","","�V�K�o�^�i2016�N06��17���j","xcute"
"C:\Users\isahara_lab\Desktop\dataset\brand\superdollfie\VAtg9r4ubQ.jpg","4438A659994907E1ED0BB1C4C051935F","","�V�K�o�^�i2016�N06��17���j","dollfiedream"
"C:\Users\isahara_lab\Desktop\dataset\brand\xcute\gXgIuscyMH.jpg","143B1C8F8F91736F8E47D32FE6C43703","","�V�K�o�^�i2016�N06��17���j","xcute"
"C:\Users\isahara_lab\Desktop\dataset\brand\pullip\wiQc6PYBwM.jpg","4F25E0F3DCE1737756B01198FAB53279","","�V�K�o�^�i2016�N06��17���j","pullip"
"C:\Users\isahara_lab\Desktop\dataset\brand\pullip\pLgpNXrzj4.jpg","7B297603F28DF06946FD06991ECE9DDA","","�V�K�o�^�i2016�N06��17���j","pullip"
"C:\Users\isahara_lab\Desktop\dataset\brand\xcute\fe9oMZFkqb.jpg","D8346D48AE75A902DF2C3FCB7DF94DE9","","�V�K�o�^�i2016�N06��17���j","xcute"
"C:\Users\isahara_lab\Desktop\dataset\brand\xcute\hyCTfBMAyn.jpg","D141246128F367F86781D4E109AD54B1","","�V�K�o�^�i2016�N06��17���j","xcute"
"C:\Users\isahara_lab\Desktop\dataset\brand\blythe\w3yrLxGzG0.jpg","FCBC7BF6368C266FDC5B239C593DB923","","�V�K�o�^�i2016�N06��17���j","pullip"
"C:\Users\isahara_lab\Desktop\dataset\brand\blythe\aPvsLvc50O.jpg","A07CD94F5C3AE50BC59935AB433CF3ED","","�V�K�o�^�i2016�N06��17���j","blythe"
"C:\Users\isahara_lab\Desktop\dataset\brand\blythe\5qYtmsK4ev.jpg","8CC72CB603B82386FCB4A24515701909","","�V�K�o�^�i2016�N06��17���j","blythe"
"C:\Users\isahara_lab\Desktop\dataset\brand\xcute\iyBwL3ioy4.jpg","EA74A66DD1829D08E1104CC11607B44B","","�V�K�o�^�i2016�N06��17���j","xcute"
"C:\Users\isahara_lab\Desktop\dataset\brand\pullip\97htbJSwTk.jpg","19E53FFD0EB1D3A1D138F88714CB183F","","�V�K�o�^�i2016�N06��17���j","pullip"
"C:\Users\isahara_lab\Desktop\dataset\brand\pullip\VRncdraYhv.jpg","3BD47EC3EF2ED38510D65A22581D500D","","�V�K�o�^�i2016�N06��17���j","pullip"
"C:\Users\isahara_lab\Desktop\dataset\brand\dollfiedream\iwAr4ZDhtA.jpg","6E83634D3B1F51A2F7CBAAD0B929B6FC","","�V�K�o�^�i2016�N06��17���j","dollfiedream"
"C:\Users\isahara_lab\Desktop\dataset\brand\dollfiedream\qqerM86e6I.jpg","427D7A5DADF8521C54D57B4836DC9C36","","�V�K�o�^�i2016�N06��17���j","dollfiedream"
"C:\Users\isahara_lab\Desktop\dataset\brand\superdollfie\jRRsNDD0Q9.jpg","FFBDBACBFC2AE7515254A801FD845C8C","","�V�K�o�^�i2016�N06��17���j","dollfiedream"
"C:\Users\isahara_lab\Desktop\dataset\brand\pullip\t5aZt8PtA2.jpg","12DD91BF46236BD874B57B1A1C844DAD","","�V�K�o�^�i2016�N06��17���j","pullip"
"C:\Users\isahara_lab\Desktop\dataset\brand\sahra\2hZBhqROVj.jpg","A1747F19CCE984C01933DAD6B4BFC207","","�V�K�o�^�i2016�N06��17���j","sahra"
"C:\Users\isahara_lab\Desktop\dataset\brand\dollfiedream\HOnpt8aSrB.jpg","32B11257478524F997DC31BBE59DA9DF","","�V�K�o�^�i2016�N06��17���j","pullip"
"C:\Users\isahara_lab\Desktop\dataset\brand\xcute\iri5aQdw0V.jpg","D995694A3DB205CA4B59EFD20DBEE5E6","","�V�K�o�^�i2016�N06��17���j","xcute"
"C:\Users\isahara_lab\Desktop\dataset\brand\xcute\RYLQBslJx3.jpg","55FF2B335EEC68D87075367C37FAE7F2","","�V�K�o�^�i2016�N06��17���j","xcute"
"C:\Users\isahara_lab\Desktop\dataset\brand\pullip\nRJdzh8TDg.jpg","A29CC4080CC77F48402F23D1D0752FF3","","�V�K�o�^�i2016�N06��17���j","pullip"
"C:\Users\isahara_lab\Desktop\dataset\brand\xcute\HWa9gDtwF1.jpg","FAA513ECF5B8B771C4DDE87B5C3F109F","","�V�K�o�^�i2016�N06��17���j","xcute"
"C:\Users\isahara_lab\Desktop\dataset\brand\xcute\HEbp52jTOg.jpg","DA119054EE62504B3B8A73EF07DAC4A8","","�V�K�o�^�i2016�N06��17���j","xcute"
"C:\Users\isahara_lab\Desktop\dataset\brand\dollfiedream\BBxKtjvFuK.jpg","9099B696B56FB657BDAED0C148C7ACA4","","�V�K�o�^�i2016�N06��17���j","dollfiedream"
"C:\Users\isahara_lab\Desktop\dataset\brand\superdollfie\lbn8GgwOI7.jpg","3DFCE47A6CF4BCF57DCE60AFCD9D0BA1","","�V�K�o�^�i2016�N06��17���j","superdollfie"
"C:\Users\isahara_lab\Desktop\dataset\brand\dollfiedream\er8WCBLQBi.jpg","87A3E806C68D598F23D7303ED6629974","","�V�K�o�^�i2016�N06��17���j","dollfiedream"
"C:\Users\isahara_lab\Desktop\dataset\brand\pullip\8b6BeaIqVh.jpg","42B8FA04BF63AAFB000495D97CEFD310","","�V�K�o�^�i2016�N06��17���j","pullip"
"C:\Users\isahara_lab\Desktop\dataset\brand\xcute\c04Z9knh8N.jpg","13364773D6F3AA7F1B834D10BEE09273","","�V�K�o�^�i2016�N06��17���j","xcute"
"C:\Users\isahara_lab\Desktop\dataset\brand\xcute\02pTG0rAto.jpg","A8BF03B5DC40948A7C373B246BF131B2","","�V�K�o�^�i2016�N06��17���j","xcute"
"C:\Users\isahara_lab\Desktop\dataset\brand\pullip\g63taVaWdR.jpg","8E633FE4725156C3835FF89C909CEAD0","","�V�K�o�^�i2016�N06��17���j","pullip"
"C:\Users\isahara_lab\Desktop\dataset\brand\dollfiedream\sNRbRefw9q.jpg","7299607199D98D648545FE206C682075","","�V�K�o�^�i2016�N06��17���j","dollfiedream"
"C:\Users\isahara_lab\Desktop\dataset\brand\xcute\zcw1EbfRhJ.jpg","B1AB4B33FE56BCD2595D8C7576E8F3A6","","�V�K�o�^�i2016�N06��17���j","xcute"
"C:\Users\isahara_lab\Desktop\dataset\brand\superdollfie\WvdkyZJQwG.jpg","7BDE8A5968FBA6DD2075541EAD09CCD5","","�V�K�o�^�i2016�N06��17���j","superdollfie"
"C:\Users\isahara_lab\Desktop\dataset\brand\blythe\lBGqqMVcDN.jpeg","A39D5950E2090760C054F1A7306ED943","","�V�K�o�^�i2016�N06��17���j","pullip"
"C:\Users\isahara_lab\Desktop\dataset\brand\blythe\jVl19oBEpo.jpg","840F0FB7746D4017B3FCD255482C5EE8","","�V�K�o�^�i2016�N06��17���j","blythe"
"C:\Users\isahara_lab\Desktop\dataset\brand\dollfiedream\adnnp1r81l.jpg","C8A1C3CCAA5FA5F2644E765D7FAEDFC3","","�V�K�o�^�i2016�N06��17���j","dollfiedream"
"C:\Users\isahara_lab\Desktop\dataset\brand\xcute\RQ8OyvX1Rm.jpg","1A61CA549D209B8A6CF1E7FBDAEBC02A","","�V�K�o�^�i2016�N06��17���j","xcute"
"C:\Users\isahara_lab\Desktop\dataset\brand\dollfiedream\M06qbY9rJ8.jpg","FF09B07A67B21349EEDB27783185C9B0","","�V�K�o�^�i2016�N06��17���j","dollfiedream"
"C:\Users\isahara_lab\Desktop\dataset\brand\dollfiedream\9DWSVL9dHP.jpg","84E5AA9CBF3F0A7239AF18886077AFB0","","�V�K�o�^�i2016�N06��17���j","dollfiedream"
"C:\Users\isahara_lab\Desktop\dataset\brand\sahra\RWurdqcrto.jpg","E2C6F144EB66D08EF4EB3D96EC4CF569","","�V�K�o�^�i2016�N06��17���j","xcute"
"C:\Users\isahara_lab\Desktop\dataset\brand\blythe\7GVduCxVhx.jpg","0C000DC44D043B213064528BA170F945","","�V�K�o�^�i2016�N06��17���j","blythe"
"C:\Users\isahara_lab\Desktop\dataset\brand\dollfiedream\lzeNpevKiJ.jpg","9E7E2089C3F070AB2C2BC83704DA2CDF","","�V�K�o�^�i2016�N06��17���j","dollfiedream"
"C:\Users\isahara_lab\Desktop\dataset\brand\pullip\il1lelaWwX.jpg","8CA24671EAEC3482ABD89D8A68FED9B8","","�V�K�o�^�i2016�N06��17���j","pullip"
"C:\Users\isahara_lab\Desktop\dataset\brand\sahra\jDRqnXERoq.jpg","8805CF4F7DDB3ABD4829FAC29017B25B","","�V�K�o�^�i2016�N06��17���j","xcute"
"C:\Users\isahara_lab\Desktop\dataset\brand\pullip\bb0WzFbADt.jpg","191BF6B91B58A8378A9C8A473D7339CC","","�V�K�o�^�i2016�N06��17���j","pullip"
"C:\Users\isahara_lab\Desktop\dataset\brand\blythe\8RdyZucF42.jpg","122B9941E7AAC49FB51190945A051BF5","","�V�K�o�^�i2016�N06��17���j","blythe"
"C:\Users\isahara_lab\Desktop\dataset\brand\blythe\D681bncWDF.jpg","C5E8EE7B3E18FD21ECB6FACF4E6348F2","","�V�K�o�^�i2016�N06��17���j","blythe"
"C:\Users\isahara_lab\Desktop\dataset\brand\pullip\1d0u6u3RBK.jpg","D9919A0B89275BE11F009CB9A4B630B9","","�V�K�o�^�i2016�N06��17���j","pullip"
"C:\Users\isahara_lab\Desktop\dataset\brand\blythe\46jwlQAPWr.jpg","0D1F4BCC2F67E192A03BEEC4BDED408A","","�V�K�o�^�i2016�N06��17���j","blythe"
"C:\Users\isahara_lab\Desktop\dataset\brand\superdollfie\d2mckaNLIO.png","55DFB01F71D159BE26119A0B233645D3","","�V�K�o�^�i2016�N06��17���j","pullip"
"C:\Users\isahara_lab\Desktop\dataset\brand\xcute\yAJzEdZYid.jpg","61D91685B54866B2B942CC9E0491F49A","","�V�K�o�^�i2016�N06��17���j","xcute"
"C:\Users\isahara_lab\Desktop\dataset\brand\blythe\s9fWiGSr0v.jpg","C4C0E7EDB616EF1A0EB239E06CA0D4E4","","�V�K�o�^�i2016�N06��17���j","pullip"
"C:\Users\isahara_lab\Desktop\dataset\brand\blythe\XYYRYEA4kc.jpg","AF54DF9AA10C737F00659F03FFF2417B","","�V�K�o�^�i2016�N06��17���j","blythe"
"C:\Users\isahara_lab\Desktop\dataset\brand\sahra\7YnR7JRoIN.jpg","C406BD48D9D60DEFFCF9D35E96FDD943","","�V�K�o�^�i2016�N06��17���j","sahra"
"C:\Users\isahara_lab\Desktop\dataset\brand\blythe\mqxbDw3fIH.jpg","5393331337E56E7CD73471AAD4E47545","","�V�K�o�^�i2016�N06��17���j","blythe"
"C:\Users\isahara_lab\Desktop\dataset\brand\xcute\n55TMoJisR.jpg","85FA3016BEE31A4FBF5B25B88FEA42BF","","�V�K�o�^�i2016�N06��17���j","xcute"
"C:\Users\isahara_lab\Desktop\dataset\brand\xcute\MstnI0LIJS.jpg","B11D64699C1F329F5F29CF9B1482CC77","","�V�K�o�^�i2016�N06��17���j","sahra"
"C:\Users\isahara_lab\Desktop\dataset\brand\blythe\FogHqjuuEB.jpg","DAD264157FEBBAD176E001CE6A90A90F","","�V�K�o�^�i2016�N06��17���j","blythe"
"C:\Users\isahara_lab\Desktop\dataset\brand\blythe\9Lut9ym0yH.jpg","099A9D07F8F6827F68D124A1E9AE501A","","","blythe"
"C:\Users\isahara_lab\Desktop\dataset\brand\pullip\aNCHClgIIM.jpg","A46938EE4283DF501B503A9DB18F25F1","","�V�K�o�^�i2016�N06��17���j","pullip"
"C:\Users\isahara_lab\Desktop\dataset\brand\superdollfie\EIFRhEhaAD.jpeg","62CE7030D7F86B031EC5E41DD702EBA3","","�V�K�o�^�i2016�N06��17���j","superdollfie"
"C:\Users\isahara_lab\Desktop\dataset\brand\blythe\bsnH9xoRjK.jpg","EC3FCB5DC183B356F416B470DBAB5214","","�V�K�o�^�i2016�N06��17���j","pullip"
"C:\Users\isahara_lab\Desktop\dataset\brand\pullip\mCeR7nd34q.jpg","C01D9661AE68D2B6F14F6527F10F2B25","","�V�K�o�^�i2016�N06��17���j","pullip"
"C:\Users\isahara_lab\Desktop\dataset\brand\xcute\89Rr6pigjB.jpg","167BC8116ED735C1AC289B2CD7310CB9","","�V�K�o�^�i2016�N06��17���j","sahra"
"C:\Users\isahara_lab\Desktop\dataset\brand\pullip\2a3NNbnrP4.jpg","DCABA6858A4E35B9B1E6CB2176A3BEB0","","�V�K�o�^�i2016�N06��17���j","pullip"
"C:\Users\isahara_lab\Desktop\dataset\brand\xcute\K1lct3y1wm.jpg","94BD172A1534EB825ED33CDB9261AC87","","�V�K�o�^�i2016�N06��17���j","xcute"
"C:\Users\isahara_lab\Desktop\dataset\brand\pullip\ffhWF4R3ko.jpg","D916C6443E6358B33A33661C82732A2B","","�V�K�o�^�i2016�N06��17���j","pullip"
"C:\Users\isahara_lab\Desktop\dataset\brand\sahra\K1SOqhTRqI.jpg","6540EDF7DE956AD5A4A1A317A51CFF62","","�V�K�o�^�i2016�N06��17���j","xcute"
"C:\Users\isahara_lab\Desktop\dataset\brand\blythe\Bm8a43Habz.jpg","399F33E1F6ABAF69835286BB92831BF9","","�V�K�o�^�i2016�N06��17���j","blythe"
"C:\Users\isahara_lab\Desktop\dataset\brand\xcute\9tfmynoTKZ.jpg","919CEEBFD7D900CF69562ACB4B805B67","","�V�K�o�^�i2016�N06��17���j","sahra"
"C:\Users\isahara_lab\Desktop\dataset\brand\pullip\l1Ol0GdKbh.jpg","5DA7B2FEBAD3F78DDDA4AB411018FE32","","�V�K�o�^�i2016�N06��17���j","pullip"
"C:\Users\isahara_lab\Desktop\dataset\brand\blythe\NjQwO22FSe.jpeg","620B7B4C2871C508DA50864B0D993C2F","","�V�K�o�^�i2016�N06��17���j","blythe"
