"C:\Users\isahara_lab\Desktop\dataset\dealer\sharkdolls\xlmCglFF1L.jpg","E69D1D404A21CE9A3134654F8656B256","","�V�K�o�^�i2016�N06��16���j","UsagiU0x0U"
"C:\Users\isahara_lab\Desktop\dataset\dealer\sharkdolls\XciqT3Ffom.jpg","8CBDA1FAEFE8B04F93932E1F708A91AD","","�V�K�o�^�i2016�N06��16���j","lusi37975234"
"C:\Users\isahara_lab\Desktop\dataset\dealer\UsagiU0x0U\Qon2f47Rk4.jpg","9D1DAAF8C94F2142F3A59040EB324761","","�V�K�o�^�i2016�N06��16���j","totechitetota"
"C:\Users\isahara_lab\Desktop\dataset\dealer\UsagiU0x0U\6AylNA4m2b.jpg","57456A06ED9BEC6E70583866E92FBD55","","�V�K�o�^�i2016�N06��16���j","totechitetota"
"C:\Users\isahara_lab\Desktop\dataset\dealer\lusi37975234\FQqLpDbpP1.jpg","E416D9C59A32E71F85007C32D90952E9","","�V�K�o�^�i2016�N06��16���j","lusi37975234"
"C:\Users\isahara_lab\Desktop\dataset\dealer\lusi37975234\581eJI5p6z.jpg","814EBFF99E724B4F244AC848A77EFA02","","�V�K�o�^�i2016�N06��16���j","lusi37975234"
"C:\Users\isahara_lab\Desktop\dataset\dealer\UsagiU0x0U\qeyFwcz2cR.jpg","DC254CF385B8DB083F2007B104518A6B","","�V�K�o�^�i2016�N06��16���j","sharkdolls"
"C:\Users\isahara_lab\Desktop\dataset\dealer\sharkdolls\t6roGHQRiB.jpg","D1EAA058D29B014ED491FF9A74362955","","�V�K�o�^�i2016�N06��16���j","sharkdolls"
"C:\Users\isahara_lab\Desktop\dataset\dealer\charkdolls\auAlw1EDC4.jpg","9CAC82BAEC28C5E808C2B483E4713C3E","","�V�K�o�^�i2016�N06��16���j","sharkdolls"
"C:\Users\isahara_lab\Desktop\dataset\dealer\UsagiU0x0U\fR6dP5GrGI.jpg","784B2A4AF392A50F6996419EB89F0ECD","","�V�K�o�^�i2016�N06��16���j","UsagiU0x0U"
"C:\Users\isahara_lab\Desktop\dataset\dealer\UsagiU0x0U\PW3bqioLcg.jpg","9C1787347CC2638AC510CC3E6424244E","","�V�K�o�^�i2016�N06��16���j","UsagiU0x0U"
"C:\Users\isahara_lab\Desktop\dataset\dealer\sharkdolls\04ek9M8pwm.jpg","9E137BB74A6B0E79FF2DF082252D1596","","�V�K�o�^�i2016�N06��16���j","lusi37975234"
